variant,failure_type,component,start_time_s,end_time_s,phase,min_value
smoke_free,joint,q_branch,0.38,1.64,approach,-0.555228345401
smoke_free,joint,q_branch,2.50125,2.74375,insert,-0.08958821398510342
loose,collision,body,1.9512500000000002,2.2125,insert,-0.001858111455745659
loose,collision,body,3.4525,3.6325000000000003,buffer,0.006883283919601163
loose,collision,body,3.775,4.8075,buffer,-0.09573086587707022
loose,collision,body,4.84375,4.99375,return,0.003384856765230676
loose,collision,rotor_1,1.41875,1.43,insert,0.006350869220137413
loose,collision,rotor_1,1.6175,1.645,insert,0.007869175526929074
loose,collision,rotor_1,1.80375,1.82375,insert,0.006641326433313798
loose,collision,rotor_1,1.8475000000000001,1.8687500000000001,insert,0.008647603628173905
loose,collision,rotor_1,2.07,2.1025,insert,0.003678212488093666
loose,collision,rotor_1,2.12875,2.1350000000000002,insert,0.009672052347317436
loose,collision,rotor_1,2.185,2.1975000000000002,insert,0.00801954336808534
loose,collision,rotor_1,4.54125,4.5775,return,0.0030921447569494114
loose,collision,rotor_1,4.61125,4.61875,return,0.008882741197569958
loose,collision,rotor_1,4.635,4.6450000000000005,return,0.007989231273874828
loose,collision,rotor_1,4.6475,4.66875,return,0.0040671293196377425
loose,collision,rotor_1,4.6725,4.6925,return,0.0014710528530230958
loose,collision,rotor_1,4.695,4.71,return,0.006296830815395026
loose,collision,rotor_1,4.72375,4.73375,return,0.008286211932751572
loose,collision,rotor_1,4.74375,4.7525,return,0.008683217192444059
loose,collision,rotor_1,4.76625,4.7775,return,0.007827724132607131
loose,collision,rotor_1,4.78875,4.8025,return,0.004753832557569538
loose,collision,rotor_1,4.8075,4.8187500000000005,return,0.0070568772134860765
loose,collision,rotor_1,4.8275,4.8325000000000005,return,0.009411482184584591
loose,collision,rotor_1,4.845,4.8525,return,0.008609356067340075
loose,collision,rotor_1,4.86,4.87875,return,0.006163452767063282
loose,collision,rotor_1,4.88625,4.9275,return,0.002775228649013175
loose,collision,rotor_1,4.93,4.9437500000000005,return,0.004802546335517701
loose,collision,rotor_1,4.9475,4.9575000000000005,return,0.007504393793405311
loose,collision,rotor_1,4.96875,4.9750000000000005,return,0.009018486045690161
loose,collision,rotor_1,5.0287500000000005,5.04,return,0.0060922740465044235
loose,collision,rotor_2,1.7775,1.7775,insert,0.009857826667358266
loose,collision,rotor_2,1.7825,1.78375,insert,0.009434916124215304
loose,collision,rotor_2,1.8525,1.865,insert,0.002396686218982298
loose,collision,rotor_2,1.8675,1.90625,insert,0.0026210941462274507
loose,collision,rotor_2,1.9100000000000001,1.935,insert,0.005821312190917087
loose,collision,rotor_2,2.0525,2.0825,insert,0.0072344326787216915
loose,collision,rotor_2,2.10125,2.11625,insert,0.00906872085996949
loose,collision,rotor_2,2.14,2.16,insert,0.007788208506081285
loose,collision,rotor_2,2.17875,2.2075,insert,0.002408598391519592
loose,collision,rotor_2,2.22,2.2275,insert,0.009413954981940498
loose,collision,rotor_2,2.235,2.25625,insert,0.002669234887931913
loose,collision,rotor_2,2.26125,2.28125,insert,0.008081345351079352
loose,collision,rotor_2,2.28375,2.3025,insert,0.003313938151771737
loose,collision,rotor_2,2.315,2.32625,insert,0.00776463004011353
loose,collision,rotor_2,2.33875,2.3537500000000002,insert,0.005657850379019852
loose,collision,rotor_2,2.35625,2.3737500000000002,insert,0.003224285005865809
loose,collision,rotor_2,2.3875,2.39875,insert,0.00790271764346054
loose,collision,rotor_2,2.42875,2.44,insert,0.008960782858247739
loose,collision,rotor_2,2.44875,2.47125,insert,0.004607672998758268
loose,collision,rotor_2,2.47625,2.495,insert,0.006975182368723715
loose,collision,rotor_2,2.5100000000000002,2.5412500000000002,insert,0.0014210303234688268
loose,collision,rotor_2,2.9125,2.9175,insert,0.009764285553283287
loose,collision,rotor_2,2.97,2.97,insert,0.008070521360337696
loose,collision,rotor_2,2.975,2.97625,insert,0.007104646064278318
loose,collision,rotor_2,2.99625,2.9975,insert,0.008169245246711723
loose,collision,rotor_2,3.005,3.00875,insert,0.0049105697816630225
loose,collision,rotor_2,3.15375,3.17375,pull,0.004139465838702755
loose,collision,rotor_2,3.17625,3.21625,pull,0.0018403981182717902
loose,collision,rotor_2,3.22,3.23625,pull,0.006919134353794495
loose,collision,rotor_2,3.2525,3.29625,pull,0.007118363682687289
loose,collision,rotor_2,3.30375,3.32125,pull,0.0015442109121272174
loose,collision,rotor_2,3.33,3.3425000000000002,pull,0.0028352965063952193
loose,collision,rotor_2,3.3512500000000003,3.355,pull,0.009369354941328577
loose,collision,rotor_2,3.375,3.3850000000000002,pull,0.005952042961847296
loose,collision,rotor_2,3.4075,3.41875,buffer,0.0072342025655360125
loose,collision,rotor_2,3.5225,3.595,buffer,0.005912408547611104
loose,collision,rotor_2,3.6025,3.6575,buffer,0.004893358934470502
loose,collision,rotor_2,3.67625,3.74125,buffer,0.008195949818560474
loose,collision,rotor_2,3.75625,3.77125,buffer,0.00956620259050594
loose,collision,rotor_2,3.80875,3.81375,retreat,0.009923315150977927
loose,collision,rotor_2,3.84625,3.89625,retreat,0.006285940769687937
loose,collision,rotor_2,3.95375,3.9975,retreat,0.003868838993599557
loose,collision,rotor_2,4.00375,4.03875,retreat,0.0008523026824295233
loose,collision,rotor_2,4.05875,4.08125,retreat,0.007769158490492693
loose,collision,rotor_2,4.09,4.0975,retreat,0.005294467087688154
loose,collision,rotor_2,4.1025,4.1025,retreat,0.00994363789633386
loose,collision,rotor_2,4.155,4.16625,retreat,0.003324136488493999
loose,collision,rotor_2,4.1725,4.17375,retreat,0.00985256660637483
loose,collision,rotor_2,4.1762500000000005,4.1825,retreat,0.008681191886729282
loose,collision,rotor_2,4.18625,4.19875,retreat,0.004532853379840768
loose,collision,rotor_2,4.21125,4.22375,retreat,0.007125696845338474
loose,collision,rotor_2,4.23125,4.24125,retreat,0.008973690409177847
loose,collision,rotor_3,1.7575,1.76125,insert,0.005944437419388012
loose,collision,rotor_3,1.76625,1.76875,insert,0.00631580004758328
loose,collision,rotor_3,1.7725,1.7725,insert,0.009590935647159283
loose,collision,rotor_3,1.81875,1.82875,insert,0.005457150219142557
loose,collision,rotor_3,1.83125,1.8375000000000001,insert,0.004836439546287273
loose,collision,rotor_3,1.84375,1.85375,insert,0.0036481170229620973
loose,collision,rotor_3,1.86125,1.87125,insert,0.005967860486694347
loose,collision,rotor_3,2.09875,2.1550000000000002,insert,0.008184816671631198
loose,collision,rotor_3,2.22,2.25375,insert,0.006211580061375331
loose,collision,rotor_3,2.49,2.53125,insert,0.006657691929910857
loose,collision,rotor_3,2.53625,2.58625,insert,0.005588426175031954
loose,collision,rotor_3,2.61125,2.67,insert,0.004444742595212899
loose,collision,rotor_3,2.6862500000000002,2.7125,insert,0.0037815901197715087
loose,collision,rotor_3,2.72,2.7287500000000002,insert,0.009191319482647063
loose,collision,rotor_3,2.7600000000000002,2.7675,insert,0.00906796970426019
loose,collision,rotor_3,2.77625,2.7925,insert,0.005825048871683234
loose,collision,rotor_3,2.79625,2.81375,insert,0.004578803697402731
loose,collision,rotor_3,2.8175,2.8325,insert,0.006601226567122426
loose,collision,rotor_3,2.84875,2.8537500000000002,insert,0.009694082025318773
loose,collision,rotor_3,2.8625000000000003,2.87625,insert,0.008279052703676184
loose,collision,rotor_3,2.8850000000000002,2.9325,insert,0.004371350782299446
loose,collision,rotor_3,2.9425,2.95125,insert,0.0071738739126217844
loose,collision,rotor_3,2.96375,2.965,insert,0.009388351479144364
loose,collision,rotor_3,2.96875,2.97125,insert,0.007410174228404073
loose,collision,rotor_3,2.9775,2.9787500000000002,insert,0.008997980175108906
loose,collision,rotor_3,2.99125,2.9925,insert,0.009238398048536286
loose,collision,rotor_3,2.995,2.99625,insert,0.009481576449937162
loose,collision,rotor_3,3.01125,3.01375,insert,0.009688247829622368
loose,collision,rotor_3,3.03125,3.045,insert,0.008935235680868089
loose,collision,rotor_3,3.06625,3.0775,pull,0.009072147841213386
loose,collision,rotor_3,3.0975,3.14625,pull,0.004062320213235654
loose,collision,rotor_3,3.16,3.1662500000000002,pull,0.00895462951741197
loose,collision,rotor_3,3.1825,3.18875,pull,0.007925802666964096
loose,collision,rotor_3,3.345,3.345,pull,0.009918459964262433
loose,collision,rotor_3,3.9137500000000003,3.93125,retreat,0.00494267657951253
loose,collision,rotor_3,3.94125,3.9575,retreat,0.004644555560128681
loose,collision,rotor_3,3.96,3.97375,retreat,0.005916584427334637
loose,collision,rotor_3,3.98875,3.99,retreat,0.009864973629582705
loose,collision,rotor_3,4.0425,4.05375,retreat,0.004428145608526673
loose,collision,rotor_3,4.07625,4.08625,retreat,0.004966858208756262
loose,collision,rotor_3,4.09375,4.1,retreat,0.007696583916409911
loose,collision,rotor_3,4.105,4.1125,retreat,0.007365859428728513
loose,collision,rotor_3,4.11625,4.13625,retreat,0.004918073539358995
loose,collision,rotor_3,4.14,4.1475,retreat,0.006947271977682723
loose,collision,rotor_3,4.16,4.1625,retreat,0.009350952850467534
loose,collision,rotor_3,4.16625,4.1762500000000005,retreat,0.004072129033566995
loose,collision,rotor_3,4.18,4.1850000000000005,retreat,0.008624801747553005
loose,collision,rotor_3,4.18875,4.1925,retreat,0.009116871375730995
loose,collision,rotor_3,4.195,4.21375,retreat,0.006324765676369217
loose,collision,rotor_3,4.23125,4.245,retreat,0.0037327395629114255
loose,collision,rotor_3,4.255,4.26875,retreat,0.005376562399386692
loose,collision,rotor_3,4.2875000000000005,4.29625,retreat,0.009031056960437175
loose,collision,rotor_3,4.29875,4.31625,retreat,0.00585559926923353
loose,collision,rotor_3,4.3187500000000005,4.3325000000000005,retreat,0.00811801927209392
loose,collision,rotor_3,4.3525,4.37125,retreat,0.006298481056166068
loose,collision,rotor_3,4.415,4.4325,retreat,0.0038052559204919175
loose,collision,rotor_3,4.46375,4.4825,return,0.00189775183291586
loose,collision,rotor_3,4.48625,4.495,return,0.008522372319849975
loose,collision,rotor_3,4.515,4.52625,return,0.0075996769573928565
loose,collision,rotor_4,1.2862500000000001,1.29875,insert,0.0009914468080753553
loose,collision,rotor_4,1.3025,1.30875,insert,0.00847298018982284
loose,collision,rotor_4,1.3225,1.32625,insert,0.009463184730273811
loose,collision,rotor_4,1.3375000000000001,1.3425,insert,0.009213978085749799
loose,collision,rotor_4,1.385,1.4000000000000001,insert,0.0043649046041635865
loose,collision,rotor_4,1.40625,1.42,insert,0.00882132162037813
loose,collision,rotor_4,1.42625,1.44125,insert,0.005489597429934867
loose,collision,rotor_4,1.46875,1.47125,insert,0.009871578495518436
loose,collision,rotor_4,1.48125,1.50875,insert,0.0016812531336112557
loose,collision,rotor_4,1.5125,1.55125,insert,0.0046045880181879596
loose,collision,rotor_4,1.55375,1.575,insert,0.0064434715635500045
loose,collision,rotor_4,1.5875000000000001,1.6087500000000001,insert,0.003924080119285881
loose,collision,rotor_4,1.61125,1.625,insert,0.007043160244521523
loose,collision,rotor_4,1.6475,1.6500000000000001,insert,0.009759623890776278
loose,collision,rotor_4,1.6525,1.685,insert,0.0010780834551639973
loose,collision,rotor_4,1.6875,1.7025000000000001,insert,0.0019075633549676023
loose,collision,rotor_4,1.705,1.71625,insert,0.004345886047346316
loose,collision,rotor_4,1.72125,1.7275,insert,0.007688296418909471
loose,collision,rotor_4,1.74875,1.75875,insert,0.004176192610162585
loose,collision,rotor_4,1.76625,1.77125,insert,0.008410706384760746
loose,collision,rotor_4,1.77625,1.78375,insert,0.00605513611817266
loose,collision,rotor_4,1.835,1.84,insert,0.00769836334917366
loose,collision,rotor_4,1.8625,1.87375,insert,0.005887042351167194
loose,collision,rotor_4,1.87625,1.8925,insert,0.002775961824244926
loose,collision,rotor_4,1.895,1.9125,insert,0.005423507927672026
loose,collision,rotor_4,4.26625,4.2775,retreat,0.007983543914841981
loose,collision,rotor_4,4.31375,4.33375,retreat,0.00382378375903055
loose,collision,rotor_4,4.3950000000000005,4.415,retreat,0.003945457001682865
loose,collision,rotor_4,4.41875,4.45875,retreat,0.006048662258904228
loose,collision,rotor_4,4.4625,4.46875,return,0.009348110904075472
loose,collision,rotor_4,4.47375,4.485,return,0.007790167977400827
loose,collision,rotor_4,4.50375,4.51,return,0.008860454446085332
loose,collision,rotor_4,4.52625,4.54375,return,0.004537718728822856
loose,collision,rotor_4,4.5512500000000005,4.56375,return,0.002382742819611958
loose,collision,rotor_4,4.57125,4.58375,return,0.002776940227784478
loose,collision,rotor_4,4.5925,4.60375,return,0.0030650185101821874
loose,collision,rotor_4,4.62625,4.6312500000000005,return,0.009011301617877216
loose,collision,rotor_4,4.64625,4.655,return,0.007611341919411804
loose,collision,rotor_4,4.66625,4.6762500000000005,return,0.006381810538977418
loose,collision,rotor_4,4.755,4.755,return,0.009893973065345013
loose,collision,rotor_4,4.77375,4.7825,return,0.007657864790243731
loose,collision,rotor_4,4.79375,4.8075,return,0.003332804132063243
loose,collision,upper_arm_2,4.1225000000000005,4.3012500000000005,retreat,-0.00912650243509273
loose,collision,upper_arm_3,4.635,4.6475,return,0.008561982382619572
loose,collision,upper_arm_3,4.6725,4.6937500000000005,return,0.005163460211831143
loose,collision,lower_arm_2_left,4.1175,4.28625,retreat,-0.008582747557100508
loose,collision,lower_arm_2_right,4.14375,4.31625,retreat,-0.00909807234884687
loose,collision,lower_arm_3_left,4.6175,4.64375,return,0.003141510265293232
loose,collision,lower_arm_3_left,4.6575,4.68625,return,0.0009121386017275513
loose,collision,lower_arm_3_right,4.6875,4.69875,return,0.00872025836031169
loose,joint,q_branch,1.98875,2.52125,insert,-0.165359214191
loose,joint,q_branch,2.53625,3.12875,insert,-0.06720023166510347
loose,joint,q_branch,3.37,4.54625,pull,-0.317301140758
loose,joint,q_branch,4.71875,5.75625,return,-0.365019798825
loose,joint,q_branch,5.78125,6.98125,return,-0.35199095391
nominal,collision,body,3.19875,3.35875,insert,-0.0016243651868184938
nominal,collision,body,3.88,4.17125,insert,-0.006766594390683334
nominal,collision,body,4.8412500000000005,5.9825,retreat,-0.0684855999417475
nominal,collision,rotor_1,1.32,1.3325,insert,0.0032301390551270188
nominal,collision,rotor_1,1.34375,1.3487500000000001,insert,0.009169419283880736
nominal,collision,rotor_1,2.8575,2.86375,insert,0.008706196945518054
nominal,collision,rotor_1,2.8675,2.87625,insert,0.005538403667653615
nominal,collision,rotor_1,2.88375,2.8925,insert,0.004707538718643848
nominal,collision,rotor_1,2.895,2.9162500000000002,insert,0.005705699352253639
nominal,collision,rotor_1,2.97,2.9787500000000002,insert,0.003450389565649057
nominal,collision,rotor_1,2.98125,2.985,insert,0.009352915167922873
nominal,collision,rotor_1,2.99625,3.00125,insert,0.008230824714390855
nominal,collision,rotor_1,3.0075000000000003,3.015,insert,0.006396700142761322
nominal,collision,rotor_1,3.0175,3.02375,insert,0.007012042177367773
nominal,collision,rotor_1,3.04625,3.04625,insert,0.009930170529541671
nominal,collision,rotor_1,3.05625,3.06,insert,0.00901465999032704
nominal,collision,rotor_1,3.0812500000000003,3.08625,insert,0.008853606486622976
nominal,collision,rotor_1,3.0925000000000002,3.1012500000000003,insert,0.006812477923039197
nominal,collision,rotor_1,3.2487500000000002,3.25375,insert,0.009561966583632682
nominal,collision,rotor_1,3.2687500000000003,3.275,insert,0.009459507670118052
nominal,collision,rotor_1,5.39875,5.4075,retreat,0.007359964232951946
nominal,collision,rotor_1,5.59875,5.615,return,0.00780177971161408
nominal,collision,rotor_1,5.66375,5.675,return,0.008042910432549333
nominal,collision,rotor_1,5.73125,5.73375,return,0.008809004412991865
nominal,collision,rotor_1,5.74375,5.74625,return,0.009251405793678608
nominal,collision,rotor_1,5.75375,5.755,return,0.009281899109254213
nominal,collision,rotor_1,5.82875,5.84375,return,0.002260335060893925
nominal,collision,rotor_1,5.8637500000000005,5.87,return,0.00934330973119387
nominal,collision,rotor_1,5.88625,5.92125,return,0.0048981588158237286
nominal,collision,rotor_1,5.92375,5.9275,return,0.009658585044572685
nominal,collision,rotor_1,5.94625,5.95875,return,0.0075941473281187005
nominal,collision,rotor_1,5.9625,5.9825,return,0.0033302644719740396
nominal,collision,rotor_1,5.9887500000000005,6.0,return,0.008630349622434584
nominal,collision,rotor_1,6.005,6.01125,return,0.009299994922735018
nominal,collision,rotor_1,6.0275,6.03375,return,0.009567672754132502
nominal,collision,rotor_1,6.05,6.06375,return,0.007945769419538094
nominal,collision,rotor_1,6.0725,6.08625,return,0.007843482371014922
nominal,collision,rotor_1,6.1312500000000005,6.1425,return,0.008506331517146118
nominal,collision,rotor_1,6.1775,6.19625,return,0.0037826060228159553
nominal,collision,rotor_1,6.202500000000001,6.2075000000000005,return,0.009527045361463503
nominal,collision,rotor_1,6.22,6.2250000000000005,return,0.00927669332596706
nominal,collision,rotor_1,6.24875,6.25875,return,0.005273243367080927
nominal,collision,rotor_1,6.32625,6.335,return,0.0028203212713306717
nominal,collision,rotor_2,3.19375,3.21,insert,0.004672718998464509
nominal,collision,rotor_2,3.36625,3.375,insert,0.009126713025616132
nominal,collision,rotor_2,3.4250000000000003,3.43875,insert,0.008474000683045619
nominal,collision,rotor_2,3.4562500000000003,3.45875,insert,0.00992917611483578
nominal,collision,rotor_2,3.50125,3.51625,insert,0.008402746760140767
nominal,collision,rotor_2,3.5375,3.5675,insert,0.0027892031857626705
nominal,collision,rotor_2,3.5825,3.61125,insert,0.0038539884468950995
nominal,collision,rotor_2,3.76125,3.77,insert,0.009062659067767142
nominal,collision,rotor_2,3.79,3.79375,insert,0.009827950059703607
nominal,collision,rotor_2,3.88625,3.8975,insert,0.003500652045020821
nominal,collision,rotor_2,3.9175,3.9175,insert,0.00764717409117122
nominal,collision,rotor_2,3.92,3.92,insert,0.009359592643673977
nominal,collision,rotor_2,3.92375,3.92375,insert,0.009168698544399941
nominal,collision,rotor_2,3.92625,3.9275,insert,0.008235101348208812
nominal,collision,rotor_2,3.93,3.93125,insert,0.008397567117060679
nominal,collision,rotor_2,3.9337500000000003,3.9362500000000002,insert,0.007017740660710088
nominal,collision,rotor_2,3.9675000000000002,3.9762500000000003,insert,0.0022618531918215724
nominal,collision,rotor_2,3.9787500000000002,3.98875,pull,0.006146761871534125
nominal,collision,rotor_2,4.05,4.06125,pull,0.009206811591997462
nominal,collision,rotor_2,4.0875,4.11,pull,0.007350653363438962
nominal,collision,rotor_2,4.1175,4.15,pull,0.004791625327790541
nominal,collision,rotor_2,4.1575,4.2700000000000005,pull,0.004349471479285687
nominal,collision,rotor_2,4.28625,4.30375,pull,0.005217634318273132
nominal,collision,rotor_2,4.30625,4.315,pull,0.00913225430149521
nominal,collision,rotor_2,4.32125,4.3375,pull,0.0075162609813991775
nominal,collision,rotor_2,4.3625,4.39625,buffer,0.005692593942468633
nominal,collision,rotor_2,4.49125,4.55,buffer,0.0033316074914218957
nominal,collision,rotor_2,4.5525,4.5687500000000005,buffer,0.007873693514950134
nominal,collision,rotor_2,4.5725,4.5775,buffer,0.009633380292197971
nominal,collision,rotor_2,4.5925,4.60875,buffer,0.005345642901127921
nominal,collision,rotor_2,4.6275,4.65875,buffer,0.004269177846320201
nominal,collision,rotor_2,4.6725,4.6825,buffer,0.009207443569371518
nominal,collision,rotor_2,4.6850000000000005,4.6875,buffer,0.009929012803886056
nominal,collision,rotor_2,4.715,4.7250000000000005,buffer,0.009043878905312556
nominal,collision,rotor_2,4.73375,4.7562500000000005,buffer,0.004957470363578767
nominal,collision,rotor_2,4.76125,4.78125,buffer,0.00621808511167303
nominal,collision,rotor_2,5.115,5.12125,retreat,0.007303867814086854
nominal,collision,rotor_3,3.24125,3.265,insert,0.0028670705313713894
nominal,collision,rotor_3,3.2675,3.2875,insert,0.0061789089238959965
nominal,collision,rotor_3,3.305,3.31875,insert,0.008505644093968446
nominal,collision,rotor_3,3.3312500000000003,3.34625,insert,0.00818542399694364
nominal,collision,rotor_3,3.39875,3.40625,insert,0.009562243157308022
nominal,collision,rotor_3,3.52,3.5412500000000002,insert,0.0065180665773756155
nominal,collision,rotor_3,3.54375,3.5825,insert,0.007360865966169151
nominal,collision,rotor_3,3.585,3.605,insert,0.006769193075022892
nominal,collision,rotor_3,3.60875,3.625,insert,0.008090344808041492
nominal,collision,rotor_3,3.65,3.67125,insert,0.005373223348168528
nominal,collision,rotor_3,3.70875,3.7225,insert,0.007752070904306346
nominal,collision,rotor_3,3.7275,3.74,insert,0.008729408348744628
nominal,collision,rotor_3,3.7887500000000003,3.8000000000000003,insert,0.008787505855502208
nominal,collision,rotor_3,3.82375,3.82875,insert,0.009730527510851796
nominal,collision,rotor_3,3.84375,3.86875,insert,0.005152229586960512
nominal,collision,rotor_3,3.8725,3.8850000000000002,insert,0.0056503817035917295
nominal,collision,rotor_3,3.89875,3.9025000000000003,insert,0.007576017660016408
nominal,collision,rotor_3,3.9050000000000002,3.9075,insert,0.006544994822919045
nominal,collision,rotor_3,3.935,3.93875,insert,0.008554296866507546
nominal,collision,rotor_3,3.94125,3.9525,insert,0.005730760977728734
nominal,collision,rotor_3,3.99,3.9975,pull,0.009526683800037856
nominal,collision,rotor_3,4.0,4.005,pull,0.009808512987341336
nominal,collision,rotor_3,4.03375,4.0475,pull,0.008256636690101966
nominal,collision,rotor_3,4.0675,4.08125,pull,0.009030997673071956
nominal,collision,rotor_3,4.1075,4.1175,pull,0.009637276218207303
nominal,collision,rotor_3,4.13875,4.17125,pull,0.005502727378345653
nominal,collision,rotor_3,4.17375,4.22375,pull,0.00244187724451498
nominal,collision,rotor_3,4.3500000000000005,4.3637500000000005,buffer,0.006219071251969389
nominal,collision,rotor_3,4.55375,4.5675,buffer,0.004239590240424801
nominal,collision,rotor_3,4.67,4.69125,buffer,0.0011980925845452761
nominal,collision,rotor_3,4.6937500000000005,4.69875,buffer,0.008908140687865504
nominal,collision,rotor_3,4.76125,4.76875,buffer,0.0067680756035075305
nominal,collision,rotor_3,4.7725,4.7825,buffer,0.005539203838883836
nominal,collision,rotor_3,4.78875,4.79375,buffer,0.00911649093781084
nominal,collision,rotor_3,4.80625,4.8175,buffer,0.007387614733395611
nominal,collision,rotor_3,4.8225,4.8412500000000005,retreat,0.004362796852232669
nominal,collision,rotor_3,4.93125,4.9425,retreat,0.008431976010742597
nominal,collision,rotor_3,4.955,4.965,retreat,0.0090664989147846
nominal,collision,rotor_3,4.98125,4.9887500000000005,retreat,0.008881733053948088
nominal,collision,rotor_3,5.0287500000000005,5.03125,retreat,0.009719180310087375
nominal,collision,rotor_3,5.055,5.07125,retreat,0.006843495131418652
nominal,collision,rotor_3,5.08625,5.10875,retreat,0.0016469715222794934
nominal,collision,rotor_3,5.12125,5.13625,retreat,0.007290353060571763
nominal,collision,rotor_3,5.1775,5.18625,retreat,0.00740928094935492
nominal,collision,rotor_3,5.18875,5.2,retreat,0.005864825340835648
nominal,collision,rotor_3,5.215,5.23,retreat,0.004639151807168579
nominal,collision,rotor_3,5.24125,5.2525,retreat,0.007738585788748364
nominal,collision,rotor_3,5.26625,5.2875000000000005,retreat,0.004343161821137193
nominal,collision,rotor_3,5.41375,5.4375,retreat,0.00430622488867787
nominal,collision,rotor_3,5.455,5.46125,return,0.009158575376848284
nominal,collision,rotor_3,5.46375,5.4662500000000005,return,0.0098590640438328
nominal,collision,rotor_3,5.47875,5.485,return,0.009248805272392397
nominal,collision,rotor_3,5.4875,5.49125,return,0.009663370044460419
nominal,collision,rotor_3,5.49875,5.50875,return,0.007787797931664929
nominal,collision,rotor_3,5.5200000000000005,5.53375,return,0.005378115717610544
nominal,collision,rotor_4,1.3175000000000001,1.325,insert,0.007986925938924574
nominal,collision,rotor_4,1.3275000000000001,1.335,insert,0.00767143549917264
nominal,collision,rotor_4,1.3375000000000001,1.3425,insert,0.008933034046306689
nominal,collision,rotor_4,1.35625,1.35625,insert,0.009971766951937366
nominal,collision,rotor_4,1.3625,1.38125,insert,0.005626260790716812
nominal,collision,rotor_4,1.39625,1.41,insert,0.00481513326732677
nominal,collision,rotor_4,1.41875,1.43,insert,0.007154720722858735
nominal,collision,rotor_4,1.44375,1.44875,insert,0.009426615969787782
nominal,collision,rotor_4,1.48,1.48,insert,0.009975720952959974
nominal,collision,rotor_4,1.5,1.5175,insert,0.006401915026443038
nominal,collision,rotor_4,1.53375,1.555,insert,0.006582217538070731
nominal,collision,rotor_4,1.5575,1.58125,insert,0.006708361520575568
nominal,collision,rotor_4,1.58625,1.6025,insert,0.008929473659138529
nominal,collision,rotor_4,1.605,1.6300000000000001,insert,0.006811487810431672
nominal,collision,rotor_4,1.7650000000000001,1.77,insert,0.009239958247216204
nominal,collision,rotor_4,1.78,1.78375,insert,0.009259122220944632
nominal,collision,rotor_4,1.80875,1.81375,insert,0.008631381597443278
nominal,collision,rotor_4,1.87125,1.87125,insert,0.009926687609774547
nominal,collision,rotor_4,2.92625,2.9375,insert,0.005421881221158541
nominal,collision,rotor_4,2.9575,2.96375,insert,0.008425162071462523
nominal,collision,rotor_4,2.97625,2.98375,insert,0.00742052510130802
nominal,collision,rotor_4,2.9925,3.0025,insert,0.0042097945507237255
nominal,collision,rotor_4,3.2625,3.27625,insert,0.008514391379588199
nominal,collision,rotor_4,3.38625,3.395,insert,0.009385278346802412
nominal,collision,rotor_4,5.16625,5.1725,retreat,0.007238622577122133
nominal,collision,rotor_4,5.18125,5.18375,retreat,0.009328146966528618
nominal,collision,rotor_4,5.18875,5.19,retreat,0.0097845315615829
nominal,collision,rotor_4,5.195,5.20375,retreat,0.007458320912474005
nominal,collision,rotor_4,5.22375,5.23,retreat,0.009269333154018932
nominal,collision,rotor_4,5.23625,5.24375,retreat,0.009007850743536177
nominal,collision,rotor_4,5.24625,5.26375,retreat,0.00562965521095424
nominal,collision,rotor_4,5.28125,5.30375,retreat,0.00429633175512632
nominal,collision,rotor_4,5.3175,5.34,retreat,0.005300078049621501
nominal,collision,rotor_4,5.35125,5.355,retreat,0.009848016506670085
nominal,collision,rotor_4,5.35875,5.42,retreat,0.005028552999288704
nominal,collision,rotor_4,5.42875,5.44,retreat,0.0075931705087903525
nominal,collision,rotor_4,5.46,5.4662500000000005,return,0.009208233246288383
nominal,collision,rotor_4,5.485,5.4887500000000005,return,0.009558723825914503
nominal,collision,rotor_4,5.545,5.5725,return,0.002080734963698035
nominal,collision,rotor_4,5.605,5.6225000000000005,return,0.0064578745003286185
nominal,collision,rotor_4,5.63,5.65625,return,0.005234482959524338
nominal,collision,rotor_4,5.6825,5.72375,return,0.001339968265268193
nominal,collision,rotor_4,5.7275,5.73625,return,0.008610197842524174
nominal,collision,rotor_4,5.7425,5.745,return,0.009886126736102313
nominal,collision,rotor_4,5.76375,5.78375,return,0.0024188598313486026
nominal,collision,rotor_4,5.79625,5.8100000000000005,return,0.006829081744926677
nominal,collision,upper_arm_2,5.0512500000000005,5.21875,retreat,-0.007415462966724701
nominal,collision,upper_arm_3,5.715,5.76125,return,0.0035336029194792187
nominal,collision,upper_arm_3,5.79375,5.8425,return,0.002121804940925223
nominal,collision,lower_arm_2_left,5.03625,5.205,retreat,-0.008803182193960195
nominal,collision,lower_arm_2_right,5.065,5.235,retreat,-0.007733513068047903
nominal,collision,lower_arm_3_left,5.6850000000000005,5.8275,return,0.0007409121839563656
nominal,collision,lower_arm_3_right,5.745,5.765,return,0.008835511519538939
nominal,collision,lower_arm_3_right,5.81625,5.85375,return,0.005957392642350094
nominal,joint,q_branch,1.66375,1.92375,insert,-0.06823485550510333
nominal,joint,q_branch,2.63375,3.15375,insert,-0.157226200406
nominal,joint,q_branch,3.7525,4.0275,insert,-0.05338827981510352
nominal,joint,q_branch,4.33875,5.09,pull,-0.15187739025510338
nominal,joint,q_branch,6.76375,7.79875,return,-0.216050521157
nominal_repeat,collision,body,3.19875,3.35875,insert,-0.0016243651868184938
nominal_repeat,collision,body,3.88,4.17125,insert,-0.006766594390683334
nominal_repeat,collision,body,4.8412500000000005,5.9825,retreat,-0.0684855999417475
nominal_repeat,collision,rotor_1,1.32,1.3325,insert,0.0032301390551270188
nominal_repeat,collision,rotor_1,1.34375,1.3487500000000001,insert,0.009169419283880736
nominal_repeat,collision,rotor_1,2.8575,2.86375,insert,0.008706196945518054
nominal_repeat,collision,rotor_1,2.8675,2.87625,insert,0.005538403667653615
nominal_repeat,collision,rotor_1,2.88375,2.8925,insert,0.004707538718643848
nominal_repeat,collision,rotor_1,2.895,2.9162500000000002,insert,0.005705699352253639
nominal_repeat,collision,rotor_1,2.97,2.9787500000000002,insert,0.003450389565649057
nominal_repeat,collision,rotor_1,2.98125,2.985,insert,0.009352915167922873
nominal_repeat,collision,rotor_1,2.99625,3.00125,insert,0.008230824714390855
nominal_repeat,collision,rotor_1,3.0075000000000003,3.015,insert,0.006396700142761322
nominal_repeat,collision,rotor_1,3.0175,3.02375,insert,0.007012042177367773
nominal_repeat,collision,rotor_1,3.04625,3.04625,insert,0.009930170529541671
nominal_repeat,collision,rotor_1,3.05625,3.06,insert,0.00901465999032704
nominal_repeat,collision,rotor_1,3.0812500000000003,3.08625,insert,0.008853606486622976
nominal_repeat,collision,rotor_1,3.0925000000000002,3.1012500000000003,insert,0.006812477923039197
nominal_repeat,collision,rotor_1,3.2487500000000002,3.25375,insert,0.009561966583632682
nominal_repeat,collision,rotor_1,3.2687500000000003,3.275,insert,0.009459507670118052
nominal_repeat,collision,rotor_1,5.39875,5.4075,retreat,0.007359964232951946
nominal_repeat,collision,rotor_1,5.59875,5.615,return,0.00780177971161408
nominal_repeat,collision,rotor_1,5.66375,5.675,return,0.008042910432549333
nominal_repeat,collision,rotor_1,5.73125,5.73375,return,0.008809004412991865
nominal_repeat,collision,rotor_1,5.74375,5.74625,return,0.009251405793678608
nominal_repeat,collision,rotor_1,5.75375,5.755,return,0.009281899109254213
nominal_repeat,collision,rotor_1,5.82875,5.84375,return,0.002260335060893925
nominal_repeat,collision,rotor_1,5.8637500000000005,5.87,return,0.00934330973119387
nominal_repeat,collision,rotor_1,5.88625,5.92125,return,0.0048981588158237286
nominal_repeat,collision,rotor_1,5.92375,5.9275,return,0.009658585044572685
nominal_repeat,collision,rotor_1,5.94625,5.95875,return,0.0075941473281187005
nominal_repeat,collision,rotor_1,5.9625,5.9825,return,0.0033302644719740396
nominal_repeat,collision,rotor_1,5.9887500000000005,6.0,return,0.008630349622434584
nominal_repeat,collision,rotor_1,6.005,6.01125,return,0.009299994922735018
nominal_repeat,collision,rotor_1,6.0275,6.03375,return,0.009567672754132502
nominal_repeat,collision,rotor_1,6.05,6.06375,return,0.007945769419538094
nominal_repeat,collision,rotor_1,6.0725,6.08625,return,0.007843482371014922
nominal_repeat,collision,rotor_1,6.1312500000000005,6.1425,return,0.008506331517146118
nominal_repeat,collision,rotor_1,6.1775,6.19625,return,0.0037826060228159553
nominal_repeat,collision,rotor_1,6.202500000000001,6.2075000000000005,return,0.009527045361463503
nominal_repeat,collision,rotor_1,6.22,6.2250000000000005,return,0.00927669332596706
nominal_repeat,collision,rotor_1,6.24875,6.25875,return,0.005273243367080927
nominal_repeat,collision,rotor_1,6.32625,6.335,return,0.0028203212713306717
nominal_repeat,collision,rotor_2,3.19375,3.21,insert,0.004672718998464509
nominal_repeat,collision,rotor_2,3.36625,3.375,insert,0.009126713025616132
nominal_repeat,collision,rotor_2,3.4250000000000003,3.43875,insert,0.008474000683045619
nominal_repeat,collision,rotor_2,3.4562500000000003,3.45875,insert,0.00992917611483578
nominal_repeat,collision,rotor_2,3.50125,3.51625,insert,0.008402746760140767
nominal_repeat,collision,rotor_2,3.5375,3.5675,insert,0.0027892031857626705
nominal_repeat,collision,rotor_2,3.5825,3.61125,insert,0.0038539884468950995
nominal_repeat,collision,rotor_2,3.76125,3.77,insert,0.009062659067767142
nominal_repeat,collision,rotor_2,3.79,3.79375,insert,0.009827950059703607
nominal_repeat,collision,rotor_2,3.88625,3.8975,insert,0.003500652045020821
nominal_repeat,collision,rotor_2,3.9175,3.9175,insert,0.00764717409117122
nominal_repeat,collision,rotor_2,3.92,3.92,insert,0.009359592643673977
nominal_repeat,collision,rotor_2,3.92375,3.92375,insert,0.009168698544399941
nominal_repeat,collision,rotor_2,3.92625,3.9275,insert,0.008235101348208812
nominal_repeat,collision,rotor_2,3.93,3.93125,insert,0.008397567117060679
nominal_repeat,collision,rotor_2,3.9337500000000003,3.9362500000000002,insert,0.007017740660710088
nominal_repeat,collision,rotor_2,3.9675000000000002,3.9762500000000003,insert,0.0022618531918215724
nominal_repeat,collision,rotor_2,3.9787500000000002,3.98875,pull,0.006146761871534125
nominal_repeat,collision,rotor_2,4.05,4.06125,pull,0.009206811591997462
nominal_repeat,collision,rotor_2,4.0875,4.11,pull,0.007350653363438962
nominal_repeat,collision,rotor_2,4.1175,4.15,pull,0.004791625327790541
nominal_repeat,collision,rotor_2,4.1575,4.2700000000000005,pull,0.004349471479285687
nominal_repeat,collision,rotor_2,4.28625,4.30375,pull,0.005217634318273132
nominal_repeat,collision,rotor_2,4.30625,4.315,pull,0.00913225430149521
nominal_repeat,collision,rotor_2,4.32125,4.3375,pull,0.0075162609813991775
nominal_repeat,collision,rotor_2,4.3625,4.39625,buffer,0.005692593942468633
nominal_repeat,collision,rotor_2,4.49125,4.55,buffer,0.0033316074914218957
nominal_repeat,collision,rotor_2,4.5525,4.5687500000000005,buffer,0.007873693514950134
nominal_repeat,collision,rotor_2,4.5725,4.5775,buffer,0.009633380292197971
nominal_repeat,collision,rotor_2,4.5925,4.60875,buffer,0.005345642901127921
nominal_repeat,collision,rotor_2,4.6275,4.65875,buffer,0.004269177846320201
nominal_repeat,collision,rotor_2,4.6725,4.6825,buffer,0.009207443569371518
nominal_repeat,collision,rotor_2,4.6850000000000005,4.6875,buffer,0.009929012803886056
nominal_repeat,collision,rotor_2,4.715,4.7250000000000005,buffer,0.009043878905312556
nominal_repeat,collision,rotor_2,4.73375,4.7562500000000005,buffer,0.004957470363578767
nominal_repeat,collision,rotor_2,4.76125,4.78125,buffer,0.00621808511167303
nominal_repeat,collision,rotor_2,5.115,5.12125,retreat,0.007303867814086854
nominal_repeat,collision,rotor_3,3.24125,3.265,insert,0.0028670705313713894
nominal_repeat,collision,rotor_3,3.2675,3.2875,insert,0.0061789089238959965
nominal_repeat,collision,rotor_3,3.305,3.31875,insert,0.008505644093968446
nominal_repeat,collision,rotor_3,3.3312500000000003,3.34625,insert,0.00818542399694364
nominal_repeat,collision,rotor_3,3.39875,3.40625,insert,0.009562243157308022
nominal_repeat,collision,rotor_3,3.52,3.5412500000000002,insert,0.0065180665773756155
nominal_repeat,collision,rotor_3,3.54375,3.5825,insert,0.007360865966169151
nominal_repeat,collision,rotor_3,3.585,3.605,insert,0.006769193075022892
nominal_repeat,collision,rotor_3,3.60875,3.625,insert,0.008090344808041492
nominal_repeat,collision,rotor_3,3.65,3.67125,insert,0.005373223348168528
nominal_repeat,collision,rotor_3,3.70875,3.7225,insert,0.007752070904306346
nominal_repeat,collision,rotor_3,3.7275,3.74,insert,0.008729408348744628
nominal_repeat,collision,rotor_3,3.7887500000000003,3.8000000000000003,insert,0.008787505855502208
nominal_repeat,collision,rotor_3,3.82375,3.82875,insert,0.009730527510851796
nominal_repeat,collision,rotor_3,3.84375,3.86875,insert,0.005152229586960512
nominal_repeat,collision,rotor_3,3.8725,3.8850000000000002,insert,0.0056503817035917295
nominal_repeat,collision,rotor_3,3.89875,3.9025000000000003,insert,0.007576017660016408
nominal_repeat,collision,rotor_3,3.9050000000000002,3.9075,insert,0.006544994822919045
nominal_repeat,collision,rotor_3,3.935,3.93875,insert,0.008554296866507546
nominal_repeat,collision,rotor_3,3.94125,3.9525,insert,0.005730760977728734
nominal_repeat,collision,rotor_3,3.99,3.9975,pull,0.009526683800037856
nominal_repeat,collision,rotor_3,4.0,4.005,pull,0.009808512987341336
nominal_repeat,collision,rotor_3,4.03375,4.0475,pull,0.008256636690101966
nominal_repeat,collision,rotor_3,4.0675,4.08125,pull,0.009030997673071956
nominal_repeat,collision,rotor_3,4.1075,4.1175,pull,0.009637276218207303
nominal_repeat,collision,rotor_3,4.13875,4.17125,pull,0.005502727378345653
nominal_repeat,collision,rotor_3,4.17375,4.22375,pull,0.00244187724451498
nominal_repeat,collision,rotor_3,4.3500000000000005,4.3637500000000005,buffer,0.006219071251969389
nominal_repeat,collision,rotor_3,4.55375,4.5675,buffer,0.004239590240424801
nominal_repeat,collision,rotor_3,4.67,4.69125,buffer,0.0011980925845452761
nominal_repeat,collision,rotor_3,4.6937500000000005,4.69875,buffer,0.008908140687865504
nominal_repeat,collision,rotor_3,4.76125,4.76875,buffer,0.0067680756035075305
nominal_repeat,collision,rotor_3,4.7725,4.7825,buffer,0.005539203838883836
nominal_repeat,collision,rotor_3,4.78875,4.79375,buffer,0.00911649093781084
nominal_repeat,collision,rotor_3,4.80625,4.8175,buffer,0.007387614733395611
nominal_repeat,collision,rotor_3,4.8225,4.8412500000000005,retreat,0.004362796852232669
nominal_repeat,collision,rotor_3,4.93125,4.9425,retreat,0.008431976010742597
nominal_repeat,collision,rotor_3,4.955,4.965,retreat,0.0090664989147846
nominal_repeat,collision,rotor_3,4.98125,4.9887500000000005,retreat,0.008881733053948088
nominal_repeat,collision,rotor_3,5.0287500000000005,5.03125,retreat,0.009719180310087375
nominal_repeat,collision,rotor_3,5.055,5.07125,retreat,0.006843495131418652
nominal_repeat,collision,rotor_3,5.08625,5.10875,retreat,0.0016469715222794934
nominal_repeat,collision,rotor_3,5.12125,5.13625,retreat,0.007290353060571763
nominal_repeat,collision,rotor_3,5.1775,5.18625,retreat,0.00740928094935492
nominal_repeat,collision,rotor_3,5.18875,5.2,retreat,0.005864825340835648
nominal_repeat,collision,rotor_3,5.215,5.23,retreat,0.004639151807168579
nominal_repeat,collision,rotor_3,5.24125,5.2525,retreat,0.007738585788748364
nominal_repeat,collision,rotor_3,5.26625,5.2875000000000005,retreat,0.004343161821137193
nominal_repeat,collision,rotor_3,5.41375,5.4375,retreat,0.00430622488867787
nominal_repeat,collision,rotor_3,5.455,5.46125,return,0.009158575376848284
nominal_repeat,collision,rotor_3,5.46375,5.4662500000000005,return,0.0098590640438328
nominal_repeat,collision,rotor_3,5.47875,5.485,return,0.009248805272392397
nominal_repeat,collision,rotor_3,5.4875,5.49125,return,0.009663370044460419
nominal_repeat,collision,rotor_3,5.49875,5.50875,return,0.007787797931664929
nominal_repeat,collision,rotor_3,5.5200000000000005,5.53375,return,0.005378115717610544
nominal_repeat,collision,rotor_4,1.3175000000000001,1.325,insert,0.007986925938924574
nominal_repeat,collision,rotor_4,1.3275000000000001,1.335,insert,0.00767143549917264
nominal_repeat,collision,rotor_4,1.3375000000000001,1.3425,insert,0.008933034046306689
nominal_repeat,collision,rotor_4,1.35625,1.35625,insert,0.009971766951937366
nominal_repeat,collision,rotor_4,1.3625,1.38125,insert,0.005626260790716812
nominal_repeat,collision,rotor_4,1.39625,1.41,insert,0.00481513326732677
nominal_repeat,collision,rotor_4,1.41875,1.43,insert,0.007154720722858735
nominal_repeat,collision,rotor_4,1.44375,1.44875,insert,0.009426615969787782
nominal_repeat,collision,rotor_4,1.48,1.48,insert,0.009975720952959974
nominal_repeat,collision,rotor_4,1.5,1.5175,insert,0.006401915026443038
nominal_repeat,collision,rotor_4,1.53375,1.555,insert,0.006582217538070731
nominal_repeat,collision,rotor_4,1.5575,1.58125,insert,0.006708361520575568
nominal_repeat,collision,rotor_4,1.58625,1.6025,insert,0.008929473659138529
nominal_repeat,collision,rotor_4,1.605,1.6300000000000001,insert,0.006811487810431672
nominal_repeat,collision,rotor_4,1.7650000000000001,1.77,insert,0.009239958247216204
nominal_repeat,collision,rotor_4,1.78,1.78375,insert,0.009259122220944632
nominal_repeat,collision,rotor_4,1.80875,1.81375,insert,0.008631381597443278
nominal_repeat,collision,rotor_4,1.87125,1.87125,insert,0.009926687609774547
nominal_repeat,collision,rotor_4,2.92625,2.9375,insert,0.005421881221158541
nominal_repeat,collision,rotor_4,2.9575,2.96375,insert,0.008425162071462523
nominal_repeat,collision,rotor_4,2.97625,2.98375,insert,0.00742052510130802
nominal_repeat,collision,rotor_4,2.9925,3.0025,insert,0.0042097945507237255
nominal_repeat,collision,rotor_4,3.2625,3.27625,insert,0.008514391379588199
nominal_repeat,collision,rotor_4,3.38625,3.395,insert,0.009385278346802412
nominal_repeat,collision,rotor_4,5.16625,5.1725,retreat,0.007238622577122133
nominal_repeat,collision,rotor_4,5.18125,5.18375,retreat,0.009328146966528618
nominal_repeat,collision,rotor_4,5.18875,5.19,retreat,0.0097845315615829
nominal_repeat,collision,rotor_4,5.195,5.20375,retreat,0.007458320912474005
nominal_repeat,collision,rotor_4,5.22375,5.23,retreat,0.009269333154018932
nominal_repeat,collision,rotor_4,5.23625,5.24375,retreat,0.009007850743536177
nominal_repeat,collision,rotor_4,5.24625,5.26375,retreat,0.00562965521095424
nominal_repeat,collision,rotor_4,5.28125,5.30375,retreat,0.00429633175512632
nominal_repeat,collision,rotor_4,5.3175,5.34,retreat,0.005300078049621501
nominal_repeat,collision,rotor_4,5.35125,5.355,retreat,0.009848016506670085
nominal_repeat,collision,rotor_4,5.35875,5.42,retreat,0.005028552999288704
nominal_repeat,collision,rotor_4,5.42875,5.44,retreat,0.0075931705087903525
nominal_repeat,collision,rotor_4,5.46,5.4662500000000005,return,0.009208233246288383
nominal_repeat,collision,rotor_4,5.485,5.4887500000000005,return,0.009558723825914503
nominal_repeat,collision,rotor_4,5.545,5.5725,return,0.002080734963698035
nominal_repeat,collision,rotor_4,5.605,5.6225000000000005,return,0.0064578745003286185
nominal_repeat,collision,rotor_4,5.63,5.65625,return,0.005234482959524338
nominal_repeat,collision,rotor_4,5.6825,5.72375,return,0.001339968265268193
nominal_repeat,collision,rotor_4,5.7275,5.73625,return,0.008610197842524174
nominal_repeat,collision,rotor_4,5.7425,5.745,return,0.009886126736102313
nominal_repeat,collision,rotor_4,5.76375,5.78375,return,0.0024188598313486026
nominal_repeat,collision,rotor_4,5.79625,5.8100000000000005,return,0.006829081744926677
nominal_repeat,collision,upper_arm_2,5.0512500000000005,5.21875,retreat,-0.007415462966724701
nominal_repeat,collision,upper_arm_3,5.715,5.76125,return,0.0035336029194792187
nominal_repeat,collision,upper_arm_3,5.79375,5.8425,return,0.002121804940925223
nominal_repeat,collision,lower_arm_2_left,5.03625,5.205,retreat,-0.008803182193960195
nominal_repeat,collision,lower_arm_2_right,5.065,5.235,retreat,-0.007733513068047903
nominal_repeat,collision,lower_arm_3_left,5.6850000000000005,5.8275,return,0.0007409121839563656
nominal_repeat,collision,lower_arm_3_right,5.745,5.765,return,0.008835511519538939
nominal_repeat,collision,lower_arm_3_right,5.81625,5.85375,return,0.005957392642350094
nominal_repeat,joint,q_branch,1.66375,1.92375,insert,-0.06823485550510333
nominal_repeat,joint,q_branch,2.63375,3.15375,insert,-0.157226200406
nominal_repeat,joint,q_branch,3.7525,4.0275,insert,-0.05338827981510352
nominal_repeat,joint,q_branch,4.33875,5.09,pull,-0.15187739025510338
nominal_repeat,joint,q_branch,6.76375,7.79875,return,-0.216050521157
narrow,collision,body,3.565,4.29375,insert,-0.009305069499166152
narrow,collision,body,4.63625,5.69875,retreat,-0.10337819412909437
narrow,collision,rotor_1,2.09375,2.10625,insert,0.008027616843681945
narrow,collision,rotor_1,2.1237500000000002,2.14,insert,0.0074193041209263426
narrow,collision,rotor_1,2.1475,2.1675,insert,0.006392406803735158
narrow,collision,rotor_1,2.23875,2.255,insert,0.006038343799344635
narrow,collision,rotor_1,2.2575,2.275,insert,0.003927184700370622
narrow,collision,rotor_1,2.285,2.30375,insert,0.0005323218693061089
narrow,collision,rotor_1,2.3125,2.31375,insert,0.00990383062730417
narrow,collision,rotor_1,2.32625,2.3375,insert,0.007556321565706175
narrow,collision,rotor_1,2.3725,2.38625,insert,0.00796608858151935
narrow,collision,rotor_1,2.80125,2.82125,insert,0.004928358741786266
narrow,collision,rotor_1,2.825,2.83875,insert,0.007181979686250311
narrow,collision,rotor_1,2.8525,2.8775,insert,0.003895400995424059
narrow,collision,rotor_1,2.9075,2.92,insert,0.005254721956910717
narrow,collision,rotor_1,2.92625,2.9275,insert,0.009788627701129048
narrow,collision,rotor_1,2.93,2.935,insert,0.009114306436791056
narrow,collision,rotor_1,2.94125,2.94875,insert,0.0076892348167407745
narrow,collision,rotor_1,2.97,2.9825,insert,0.0032226057251019654
narrow,collision,rotor_1,2.99125,3.0,insert,0.00731823620034551
narrow,collision,rotor_1,3.07625,3.09125,insert,0.0018342498448568033
narrow,collision,rotor_1,3.1012500000000003,3.1125000000000003,insert,0.0073214360055770785
narrow,collision,rotor_1,3.12,3.1275,insert,0.008961268177139093
narrow,collision,rotor_1,3.16875,3.1825,insert,0.00792122506987606
narrow,collision,rotor_1,5.44625,5.45875,return,0.004121879692747663
narrow,collision,rotor_1,5.4675,5.47875,return,0.005685037974501183
narrow,collision,rotor_1,5.4875,5.49625,return,0.005704479114760562
narrow,collision,rotor_1,5.50375,5.52125,return,0.0025699375362646516
narrow,collision,rotor_1,5.53125,5.54875,return,0.002765202752759349
narrow,collision,rotor_1,5.55625,5.5575,return,0.009921380795937471
narrow,collision,rotor_1,5.56375,5.5725,return,0.00889152960393827
narrow,collision,rotor_1,5.5775,5.5825000000000005,return,0.009098188353326748
narrow,collision,rotor_1,5.5975,5.60375,return,0.008548798297460965
narrow,collision,rotor_1,5.6225000000000005,5.6275,return,0.009316619008090768
narrow,collision,rotor_1,5.7025,5.71375,return,0.007979224285387177
narrow,collision,rotor_1,5.72125,5.73375,return,0.00759898680605464
narrow,collision,rotor_1,5.7925,5.80875,return,0.005693985324421454
narrow,collision,rotor_1,5.8475,5.8637500000000005,return,0.006479585658305909
narrow,collision,rotor_1,5.87125,5.8925,return,0.008593931721344858
narrow,collision,rotor_1,5.9,5.9125000000000005,return,0.00810867015523504
narrow,collision,rotor_1,5.97875,6.0,return,0.004720497803507623
narrow,collision,rotor_1,6.0175,6.0225,return,0.009637999543790784
narrow,collision,rotor_1,6.05625,6.0687500000000005,return,0.008412752939302486
narrow,collision,rotor_2,2.8575,2.86625,insert,0.0071164230312314915
narrow,collision,rotor_2,2.8737500000000002,2.8850000000000002,insert,0.0022453632986073335
narrow,collision,rotor_2,2.90375,2.91125,insert,0.005668828949777377
narrow,collision,rotor_2,2.96125,2.9625,insert,0.009212823424789372
narrow,collision,rotor_2,2.96875,2.975,insert,0.004627937827097964
narrow,collision,rotor_2,2.9775,2.98375,insert,0.008639214919328059
narrow,collision,rotor_2,2.98625,2.99125,insert,0.004595635152702454
narrow,collision,rotor_2,3.1437500000000003,3.1637500000000003,insert,0.0022026525386672296
narrow,collision,rotor_2,3.16875,3.17625,insert,0.009140256609317268
narrow,collision,rotor_2,3.2025,3.22,insert,0.006807988016435398
narrow,collision,rotor_2,3.36,3.3850000000000002,insert,0.00608162058042068
narrow,collision,rotor_2,3.40375,3.435,insert,0.003141808624496689
narrow,collision,rotor_2,3.4375,3.465,insert,0.005599025474469218
narrow,collision,rotor_2,3.4787500000000002,3.49375,insert,0.008693848632233922
narrow,collision,rotor_2,3.5125,3.5225,insert,0.00920073094261756
narrow,collision,rotor_2,3.615,3.615,insert,0.009977360649567904
narrow,collision,rotor_2,3.62,3.62125,insert,0.009276853924247642
narrow,collision,rotor_2,3.63125,3.6325000000000003,insert,0.008254695668699116
narrow,collision,rotor_2,3.65,3.65,insert,0.008478508992623018
narrow,collision,rotor_2,3.6575,3.65875,insert,0.009035318956821647
narrow,collision,rotor_2,3.66125,3.6637500000000003,insert,0.00704486400612932
narrow,collision,rotor_2,3.6662500000000002,3.66875,insert,0.006061695866596081
narrow,collision,rotor_2,3.6725,3.67375,insert,0.008927526001013654
narrow,collision,rotor_2,3.7825,3.8125,pull,0.005772129681213983
narrow,collision,rotor_2,3.81875,3.855,pull,0.003603115523759077
narrow,collision,rotor_2,3.8575,3.8925,pull,0.0010095299511707124
narrow,collision,rotor_2,3.9,3.91125,pull,0.00880463220265303
narrow,collision,rotor_2,3.92,3.93875,pull,0.004857978795908232
narrow,collision,rotor_2,3.9425,3.95875,pull,0.006514722859477616
narrow,collision,rotor_2,4.0275,4.0287500000000005,pull,0.009631289441560149
narrow,collision,rotor_2,4.04,4.04,pull,0.009649175877972583
narrow,collision,rotor_2,4.045,4.045,pull,0.009880693686733779
narrow,collision,rotor_2,4.0525,4.0525,pull,0.009841755683461047
narrow,collision,rotor_2,4.07,4.0725,pull,0.009449640008426118
narrow,collision,rotor_2,4.11125,4.14375,pull,0.0075017161685246815
narrow,collision,rotor_2,4.34625,4.355,buffer,0.0072775304021110996
narrow,collision,rotor_2,4.42375,4.43875,buffer,0.0025994261049717437
narrow,collision,rotor_2,4.45875,4.47125,buffer,0.008270169323729626
narrow,collision,rotor_2,4.47875,4.4825,buffer,0.00981296707521295
narrow,collision,rotor_2,4.49125,4.505,buffer,0.008905939449904582
narrow,collision,rotor_2,4.5075,4.545,buffer,0.00638076105725895
narrow,collision,rotor_2,4.55,4.585,retreat,0.00844469205879143
narrow,collision,rotor_2,4.6325,4.63875,retreat,0.009913490935763327
narrow,collision,rotor_2,4.7125,4.745,retreat,0.0030557799937551058
narrow,collision,rotor_2,4.75125,4.7875000000000005,retreat,0.007992490427221539
narrow,collision,rotor_2,4.84,4.84375,retreat,0.00863997707626308
narrow,collision,rotor_2,4.84625,4.8525,retreat,0.001202276219700276
narrow,collision,rotor_2,4.855,4.8575,retreat,0.007889812922234498
narrow,collision,rotor_2,4.89375,4.89625,retreat,0.00829155394443725
narrow,collision,rotor_2,4.90125,4.9125000000000005,retreat,0.0022176928934223334
narrow,collision,rotor_2,4.915,4.91625,retreat,0.008972137263686186
narrow,collision,rotor_2,4.91875,4.92,retreat,0.00959927076543699
narrow,collision,rotor_2,4.92375,4.92875,retreat,0.005724586573787129
narrow,collision,rotor_3,3.00375,3.00875,insert,0.00903956599976051
narrow,collision,rotor_3,3.0125,3.02,insert,0.0057549377939974874
narrow,collision,rotor_3,3.04,3.0525,insert,0.0016580150255223415
narrow,collision,rotor_3,3.0700000000000003,3.08,insert,0.008133035738425255
narrow,collision,rotor_3,3.245,3.27625,insert,0.002332817160544337
narrow,collision,rotor_3,3.295,3.3175,insert,0.007248540740653783
narrow,collision,rotor_3,3.3475,3.37125,insert,0.006598955417790267
narrow,collision,rotor_3,3.39,3.4025,insert,0.009124079558059998
narrow,collision,rotor_3,3.4275,3.455,insert,0.004659069251120891
narrow,collision,rotor_3,3.47375,3.49125,insert,0.007956209361340253
narrow,collision,rotor_3,3.49625,3.52375,insert,0.002739330740351164
narrow,collision,rotor_3,3.52875,3.54625,insert,0.007663921702029439
narrow,collision,rotor_3,3.5575,3.58875,insert,0.003935761537620418
narrow,collision,rotor_3,3.62,3.6225,insert,0.009415976210499805
narrow,collision,rotor_3,3.63125,3.63125,insert,0.009881060106045066
narrow,collision,rotor_3,3.63375,3.64125,insert,0.0044436842805601826
narrow,collision,rotor_3,3.6475,3.6525,insert,0.0061620608594627315
narrow,collision,rotor_3,3.6575,3.65875,insert,0.009608827102839114
narrow,collision,rotor_3,3.6775,3.6825,insert,0.008968600154548891
narrow,collision,rotor_3,3.6875,3.7075,insert,0.005436368817796817
narrow,collision,rotor_3,3.7125,3.74,insert,0.0047061836670323045
narrow,collision,rotor_3,3.77375,3.80125,pull,0.007058716962382617
narrow,collision,rotor_3,3.805,3.8112500000000002,pull,0.009739268310133869
narrow,collision,rotor_3,3.83,3.84625,pull,0.008671264282480917
narrow,collision,rotor_3,3.8725,3.88,pull,0.009082884000514034
narrow,collision,rotor_3,3.955,3.9650000000000003,pull,0.006991475134248305
narrow,collision,rotor_3,3.99375,4.0075,pull,0.007356049532123116
narrow,collision,rotor_3,4.03625,4.0375,pull,0.009341194324989303
narrow,collision,rotor_3,4.04,4.04,pull,0.009847680577450354
narrow,collision,rotor_3,4.0775,4.0775,pull,0.009965696467533182
narrow,collision,rotor_3,4.085,4.0875,pull,0.009318677754843484
narrow,collision,rotor_3,4.095,4.10125,pull,0.007811612621596247
narrow,collision,rotor_3,4.6525,4.67,retreat,0.006785341574894879
narrow,collision,rotor_3,4.6775,4.6850000000000005,retreat,0.009378133048558189
narrow,collision,rotor_3,4.69125,4.69875,retreat,0.009122262183673825
narrow,collision,rotor_3,4.70375,4.7225,retreat,0.004161299616661504
narrow,collision,rotor_3,4.7325,4.7625,retreat,0.003657448613914369
narrow,collision,rotor_3,4.80375,4.815,retreat,0.004612966951099009
narrow,collision,rotor_3,4.8225,4.83125,retreat,0.005340623456025161
narrow,collision,rotor_3,4.83375,4.84,retreat,0.006730002122092551
narrow,collision,rotor_3,4.84875,4.85125,retreat,0.009330617232489262
narrow,collision,rotor_3,4.85625,4.8775,retreat,0.003577826640279148
narrow,collision,rotor_3,4.8825,4.90875,retreat,0.0012762135066732407
narrow,collision,rotor_3,4.91375,4.92125,retreat,0.004259860971455104
narrow,collision,rotor_3,4.9275,4.93375,retreat,0.007385567848041873
narrow,collision,rotor_3,4.93625,4.9437500000000005,retreat,0.00604352673839281
narrow,collision,rotor_3,4.9475,4.95875,retreat,0.0021052612719414687
narrow,collision,rotor_3,4.9662500000000005,4.97875,retreat,0.004057901561498254
narrow,collision,rotor_3,4.9875,5.005,retreat,0.00457930210236177
narrow,collision,rotor_3,5.01625,5.035,retreat,0.003575508566114131
narrow,collision,rotor_3,5.0512500000000005,5.06125,retreat,0.008971651583752719
narrow,collision,rotor_3,5.08875,5.10625,retreat,0.007309662490078422
narrow,collision,rotor_3,5.10875,5.135,retreat,0.003447357984720614
narrow,collision,rotor_3,5.18875,5.21875,retreat,0.004562901425094405
narrow,collision,rotor_3,5.2225,5.2562500000000005,return,0.003167874709811983
narrow,collision,rotor_3,5.25875,5.29125,return,0.0023594613648499196
narrow,collision,rotor_3,5.29875,5.31375,return,0.008760291147689565
narrow,collision,rotor_3,5.34625,5.3675,return,0.006796619628237096
narrow,collision,rotor_4,1.8275000000000001,1.83125,insert,0.008741240793205794
narrow,collision,rotor_4,1.84,1.8475000000000001,insert,0.005050281973398362
narrow,collision,rotor_4,1.865,1.87,insert,0.008544543015909234
narrow,collision,rotor_4,1.9425000000000001,1.95375,insert,0.005004476169200331
narrow,collision,rotor_4,1.96125,1.9837500000000001,insert,0.005102901014024989
narrow,collision,rotor_4,1.9937500000000001,2.00125,insert,0.007203766199812014
narrow,collision,rotor_4,2.00625,2.01875,insert,0.0020728824348814445
narrow,collision,rotor_4,2.02625,2.03875,insert,0.003992636894047691
narrow,collision,rotor_4,2.06625,2.08125,insert,0.0049963683224730476
narrow,collision,rotor_4,2.1550000000000002,2.165,insert,0.007589495122166064
narrow,collision,rotor_4,2.17625,2.185,insert,0.007978649659871826
narrow,collision,rotor_4,2.18875,2.19,insert,0.00988981582004583
narrow,collision,rotor_4,2.2025,2.21375,insert,0.005532901211726407
narrow,collision,rotor_4,2.22375,2.2325,insert,0.0088339095245081
narrow,collision,rotor_4,2.285,2.29,insert,0.008454388429078814
narrow,collision,rotor_4,2.2975,2.30375,insert,0.007226050424406705
narrow,collision,rotor_4,2.30875,2.31375,insert,0.009480037461340412
narrow,collision,rotor_4,2.31875,2.3275,insert,0.00281994844607628
narrow,collision,rotor_4,2.33,2.33375,insert,0.008964615867448986
narrow,collision,rotor_4,2.43125,2.43875,insert,0.008552927157015222
narrow,collision,rotor_4,2.4475000000000002,2.46,insert,0.006956318895045843
narrow,collision,rotor_4,2.69125,2.73,insert,0.00526215690280292
narrow,collision,rotor_4,2.76125,2.79375,insert,0.0075463811091012675
narrow,collision,rotor_4,2.80875,2.8425000000000002,insert,0.006198681276584838
narrow,collision,rotor_4,2.8625000000000003,2.8825,insert,0.0061476591163509365
narrow,collision,rotor_4,2.9050000000000002,2.9125,insert,0.008789580113388425
narrow,collision,rotor_4,2.97,2.97375,insert,0.00938337847867063
narrow,collision,rotor_4,2.98625,3.0125,insert,0.006587090918970803
narrow,collision,rotor_4,3.02875,3.0375,insert,0.007681899721529011
narrow,collision,rotor_4,3.04625,3.05125,insert,0.009395462939982984
narrow,collision,rotor_4,4.9375,4.9475,retreat,0.003943028033558088
narrow,collision,rotor_4,4.95125,4.95125,retreat,0.009860181428446767
narrow,collision,rotor_4,4.9575000000000005,4.9662500000000005,retreat,0.008371915146381985
narrow,collision,rotor_4,4.9875,5.01375,retreat,0.002687413315529904
narrow,collision,rotor_4,5.01875,5.03375,retreat,0.008208738181166925
narrow,collision,rotor_4,5.065,5.0825000000000005,retreat,0.007430123037403116
narrow,collision,rotor_4,5.1025,5.1125,retreat,0.009110591119889268
narrow,collision,rotor_4,5.1312500000000005,5.1537500000000005,retreat,0.006163963981363333
narrow,collision,rotor_4,5.2475000000000005,5.26375,return,0.008306422198913022
narrow,collision,rotor_4,5.33875,5.35125,return,0.008055577615616084
narrow,collision,rotor_4,5.37,5.405,return,0.0025545413005942687
narrow,collision,rotor_4,5.41375,5.43,return,0.000738401869359305
narrow,collision,rotor_4,5.4375,5.45125,return,0.003805440629793863
narrow,collision,rotor_4,5.45375,5.4662500000000005,return,0.0065149196341936855
narrow,collision,rotor_4,5.46875,5.47125,return,0.009833149796471848
narrow,collision,rotor_4,5.47625,5.4887500000000005,return,0.0037010727507103907
narrow,collision,rotor_4,5.49875,5.505,return,0.008402581330391271
narrow,collision,rotor_4,5.51875,5.525,return,0.007513963343306528
narrow,collision,rotor_4,5.5287500000000005,5.5325,return,0.009387517531424538
narrow,collision,rotor_4,5.56625,5.5725,return,0.004921204926718527
narrow,collision,rotor_4,5.575,5.57875,return,0.007991232705290584
narrow,collision,rotor_4,5.585,5.58875,return,0.0070082978006342335
narrow,collision,rotor_4,5.5925,5.59625,return,0.007487252792234796
narrow,collision,rotor_4,5.61125,5.6175,return,0.0056236317012121504
narrow,collision,upper_arm_2,4.87125,5.0475,retreat,-0.008857942895026739
narrow,collision,upper_arm_3,5.4750000000000005,5.57875,return,-0.008459373383645418
narrow,collision,lower_arm_2_left,4.8775,5.03875,retreat,-0.007227401864364397
narrow,collision,lower_arm_2_right,4.9037500000000005,5.0687500000000005,retreat,-0.008658339483452366
narrow,collision,lower_arm_3_left,5.4625,5.57125,return,-0.0073033230586936225
narrow,collision,lower_arm_3_right,5.49125,5.575,return,-0.0036697525936698885
narrow,joint,q_branch,0.675,1.42,approach,-0.123127084551
narrow,joint,q_branch,2.035,2.0775,insert,-0.004054171305103438
narrow,joint,q_branch,3.735,5.02,pull,-0.16821761070510344
narrow,joint,q_branch,5.495,5.88375,return,-0.112192760782
narrow,joint,q_branch,6.535,6.85,return,-0.01846940776510353
