time_s,q1_rad,q2_rad,q3_rad,qdot1_rad_s,qdot2_rad_s,qdot3_rad_s,qddot1_rad_s2,qddot2_rad_s2,qddot3_rad_s2
0,0.157989852165,0.157989852165,0.157989852165,-0.00109867791537,0.000197031524872,0.000789909503381,0.251964664321,-0.0465899220939,-0.180466809623
0.01,0.157995457868,0.157988813623,0.157985838005,0.00221981857781,-0.000404739955595,-0.0015927415147,0.411734634315,-0.0737643739994,-0.296063393993
0.02,0.158034248536,0.157981757366,0.157957997335,0.00713601477093,-0.00127825595512,-0.00513135837647,0.648045996837,-0.112954951559,-0.467547975074
0.03,0.158138178164,0.157963248504,0.157883210837,0.0151807385146,-0.00266383898677,-0.0109437010162,0.954212427688,-0.161033691364,-0.691120956773
0.04,0.158337863307,0.157928480586,0.157739123314,0.0262202633247,-0.0044989297824,-0.0189537775119,1.24699454299,-0.20287918323,-0.90713733182
0.05,0.15866258343,0.157873269908,0.157504135287,0.0401206293743,-0.00672142265137,-0.0290864476526,1.52634440215,-0.238526039904,-1.11568322006
0.06,0.159140275894,0.157794052133,0.157157394361,0.0567471513676,-0.00926945058048,-0.0412674419131,1.79216914265,-0.267989049146,-1.31684613877
0.07,0.159797526458,0.157687880896,0.156678786449,0.0759640122274,-0.0120812036343,-0.0554233704279,2.04433946647,-0.291266451029,-1.51071397116
0.08,0.160659556139,0.15755242806,0.156048926953,0.0976339406971,-0.0150947796011,-0.0714817213362,2.28269794779,-0.30834311312,-1.69737386722
0.09,0.161750205271,0.157385985304,0.155249152022,0.121617971183,-0.0182480658967,-0.0893708477723,2.5070671769,-0.319193610981,-1.87691106858
0.1,0.163091915562,0.157187466742,0.154261509997,0.147775284235,-0.0214786518207,-0.109019942708,2.71725774019,-0.323785222383,-2.04940765173
0.11,0.164705710956,0.156956412268,0.153068753168,0.175963125987,-0.0247237703443,-0.130359000807,2.91307602176,-0.322080844258,-2.21494118578
0.12,0.166611178082,0.156692991336,0.151654329981,0.20603680467,-0.0279202687058,-0.153318766424,3.09433179951,-0.314041841327,-2.37358330288
0.13,0.16882644705,0.156398006894,0.15000237784,0.237849761977,-0.0310046071709,-0.177830666865,3.26084559689,-0.299630834652,-2.5253981802
0.14,0.171368173322,0.156072899192,0.148097716644,0.271253716608,-0.0339128853989,-0.203826730028,3.4124557414,-0.278814437454,-2.6704409337
0.15,0.174251521382,0.155719749186,0.145925843239,0.306098876805,-0.03658089592,-0.231239485539,3.54902507302,-0.251565943974,-2.80875592462
0.16,0.177490150858,0.155341281274,0.143472926933,0.342234218068,-0.0389442042783,-0.26000184852,3.67044723952,-0.217867975136,-2.94037498007
0.17,0.181096205743,0.1549408651,0.140725806269,0.379507821596,-0.0409382554227,-0.29004698514,3.77665251217,-0.177715082442,-3.06531553016
0.18,0.18508030729,0.154522516165,0.13767198723,0.417767268312,-0.0424985059272,-0.321308159123,3.86761305381,-0.131116308724,-3.18357866476
0.19,0.189451551109,0.154090894982,0.134299643086,0.456860082672,-0.0435605815972,-0.353718558435,3.94334757325,-0.0780977011483,-3.29514711433
0.2,0.194217508943,0.153651304533,0.130597616062,0.496634219777,-0.0440604599501,-0.38721110141,4.0039253032,-0.0187047682476,-3.39998316036
0.21,0.199384235505,0.153209685783,0.126555421058,0.536938588736,-0.0439346769621,-0.421718221642,4.04946924634,0.0469951308374,-3.49802648322
0.22,0.204956280718,0.152772610994,0.122163251629,0.577623604704,-0.0431205573334,-0.457171631074,4.0801586424,0.118910480953,-3.58919195739
0.23,0.210936707599,0.152347274636,0.117411988436,0.618541761584,-0.0415564673431,-0.49350206079,4.0962306204,0.196923409746,-3.6733674075
0.24,0.21732711595,0.151941481647,0.112293210413,0.659548217111,-0.0391820891385,-0.530638979224,4.0979810129,0.280887615141,-3.75041134211
0.25,0.224127671941,0.151563632853,0.106799208852,0.700501381842,-0.0359387150402,-0.568510287632,4.08576432325,0.370626450216,-3.82015068737
0.26,0.231337143586,0.151222707346,0.10092300466,0.741263503576,-0.0317695601342,-0.607041992971,4.05999285128,0.465931198277,-3.88237854839
0.27,0.238952942013,0.150928241651,0.0946583689925,0.781701238867,-0.0266200910747,-0.6461578586,4.02113499833,0.566559574547,-3.93685203338
0.28,0.246971168364,0.150690305525,0.0879998474883,0.821686203543,-0.0204383686432,-0.685779033639,3.9697127874,0.672234493904,-3.98329018378
0.29,0.255386666084,0.150519474278,0.0809427883197,0.861095494616,-0.0131754011966,-0.725823662276,3.90629864818,0.782643146373,-4.02137206363
0.3,0.264193078256,0.150426797501,0.0734833742427,0.899812176507,-0.00478550571574,-0.766206474912,3.83151152974,0.89743642353,-4.05073507261
0.31,0.273382909614,0.150423764163,0.0656186588215,0.93772572521,0.00477332727398,-0.806838363728,3.74601241532,1.01622873894,-4.07097356019
0.32,0.28294759276,0.150522264046,0.0573466069682,0.974732424813,0.0155390690631,-0.847625946115,3.65049932282,1.13859828451,-4.08163783294
0.33,0.29287755811,0.150734545545,0.0486661398992,1.01073571167,0.0275452929642,-0.888471120387,3.54570188217,1.26408776172,-4.08223366308
0.34,0.303162306994,0.151073169906,0.0395771845605,1.04564646246,0.0408208242976,-0.929270619377,3.43237558589,1.39220562212,-4.07222242397
0.35,0.313790487359,0.151550962031,0.0300807275117,1.07938322338,0.0553894054067,-0.969915568866,3.31129581165,1.52242784489,-4.05102199718
0.36,0.324749971461,0.152180958014,0.0201788731831,1.11187237869,0.0712693811953,-1.01029105932,3.18325171642,1.65420027069,-4.01800861481
0.37,0.336027934933,0.152976349655,0.00987490632525,1.14304825771,0.0884734108205,-1.05027574116,3.04904009974,1.7869415012,-3.9725198208
0.38,0.347610936616,0.15395042623,-0.000826641640125,1.17285318068,0.107008211219,-1.08974145574,2.90945932997,1.92004636134,-3.91385875297
0.39,0.359484998547,0.155116513879,-0.0119199227895,1.20123744431,0.126874338047,-1.12855291622,2.76530342177,2.05288990779,-3.84129996413
0.4,0.371635685502,0.156487912991,-0.0233976999646,1.22815924912,0.148066009375,-1.16656745502,2.61735634572,2.18483195321,-3.75409701295
0.41,0.384048183529,0.158077834067,-0.0352512718899,1.25358457123,0.170570977111,-1.20363485648,2.46638664276,2.31522205972,-3.65149206123
0.42,0.396707376926,0.159899332533,-0.0474703970942,1.27748698197,0.19437045057,-1.23959729624,2.3131424064,2.4434049405,-3.53272771194
0.43,0.409597923168,0.161965243078,-0.0600432178147,1.29984741935,0.219439075921,-1.27428941072,2.15834668578,2.56872619287,-3.39706130701
0.44,0.422704325313,0.164288114052,-0.0729561853086,1.32065391569,0.245744974427,-1.30753852238,2.00269335191,2.69053827306,-3.24378187393
0.45,0.436011001482,0.166880142566,-0.0861939882624,1.33990128639,0.273249841383,-1.3391650482,1.84684345904,2.80820661065,-3.07222985939
0.46,0.449502351041,0.16975311088,-0.0997394862725,1.35759078487,0.30190910664,-1.36898311957,1.6914221224,2.92111575146,-2.88181971335
0.47,0.46316281718,0.172918324699,-0.113573650654,1.37372972884,0.331672156412,-1.39680144247,1.5370159236,3.0286754114,-2.67206528407
0.48,0.476976945618,0.176386554008,-0.127675515122,1.38833110334,0.362482614868,-1.42242442525,1.3841708453,3.13032632099,-2.44260784939
0.49,0.490929439247,0.180167976997,-0.142022139159,1.40141314575,0.394278682832,-1.44565359945,1.23339072809,3.22554574149,-2.19324644006
0.5,0.505005208533,0.184272127664,-0.156588587111,1.41299891791,0.426993529698,-1.46628935405,1.0851362345,3.31385253862,-1.92396990697
0.51,0.519189417605,0.188707847591,-0.17134792624,1.42311587044,0.460555733604,-1.48413299759,0.939824297938,3.39481170914,-1.63498994881
0.52,0.533467525942,0.193483242337,-0.186271247063,1.43179540386,0.494889763881,-1.49898915303,0.797828028632,3.4680382683,-1.3267740562
0.53,0.547825325682,0.198605642868,-0.201327709301,1.43907243101,0.52991649897,-1.51066847872,0.659477043585,3.53320042215,-1.00007705606
0.54,0.562248974562,0.204081572316,-0.216484616637,1.44498494474,0.565553772324,-1.51899069415,0.525058183621,3.59002196762,-0.65596967327
0.55,0.576725024577,0.209916718315,-0.231707523184,1.44957359468,0.601716938322,-1.52378787218,0.394816577938,3.63828388362,-0.295862290499
0.56,0.591240446456,0.216115911082,-0.246960374081,1.45288127629,0.638319449996,-1.52490793996,0.268957014682,3.67782509802,0.0784780879605
0.57,0.605782650103,0.222683107315,-0.262205681983,1.45495273498,0.675273440283,-1.52221831042,0.14764557515,3.70854243699,0.464919742157
0.58,0.620339501155,0.229621379888,-0.277404740289,1.4558341878,0.712490298736,-1.51560954512,0.0310114892086,3.73038978381,0.860969033522
0.59,0.634899333858,0.236932913289,-0.292517872885,1.45557296476,0.749881235959,-1.50499892975,-0.080850829792,3.7433764937,1.2637858966
0.6,0.64945096045,0.244619004607,-0.307504718884,1.4542171712,0.78735782861,-1.49033382719,-0.1878796109,3.74756512766,1.6702134217
0.61,0.663983677283,0.252680069861,-0.322324549429,1.45181537254,0.824832538512,-1.47159466132,-0.290043450601,3.74306858255,2.07682231758
0.62,0.678487267901,0.261115655377,-0.336936612111,1.44841630219,0.862219200261,-1.44879738084,-0.387338973039,3.73004670494,2.47997024769
0.63,0.692952003326,0.269924453867,-0.351300497046,1.44406859308,0.899433472611,-1.42199525636,-0.47978845857,3.70870248359,2.87587508667
0.64,0.707368639763,0.27910432483,-0.365376517238,1.43882053302,0.936393249933,-1.3912798791,-0.567437470847,3.67927791879,3.26070010892
0.65,0.721728413987,0.288652318865,-0.379126094628,1.43271984366,0.973019030987,-1.35678125419,-0.650352509497,3.64204966715,3.63064808894
0.66,0.736023036636,0.298564705449,-0.392512142322,1.42581348283,1.00923424328,-1.31866691732,-0.728618712076,3.59732455745,3.98206036769
0.67,0.750244683643,0.308837003731,-0.405499432974,1.41814746942,1.04496552214,-1.27714004683,-0.802337625823,3.54543506757,4.31151623395
0.68,0.764385986025,0.319464015892,-0.418054943258,1.40976673031,1.08014294463,-1.23243659264,-0.871625066472,3.48673484491,4.61592758289
0.69,0.778440018249,0.330439862623,-0.430148164827,1.40071496809,1.11470021903,-1.18482149517,-0.936609078299,3.42159434309,4.89262382029
0.7,0.792400285387,0.341758020273,-0.441751373162,1.39103454875,1.14857483149,-1.13458411624,-0.997428006658,3.35039663738,5.13942241027
0.71,0.806260709224,0.353411359253,-0.452839847152,1.38076640796,1.18170815178,-1.08203304697,-1.05422869147,3.27353346999,5.35468129697
0.72,0.820015613546,0.365392183308,-0.463392034101,1.36994997492,1.21404550089,-1.0274904903,-1.1071647877,3.19140156523,5.53733059691
0.73,0.833659708723,0.377692269271,-0.473389656958,1.35862311221,1.24553618309,-0.971286435031,-1.15639521645,3.10439924345,5.68688234233
0.74,0.84718807579,0.39030290697,-0.482817762802,1.34682207059,1.27613348576,-0.913752843452,-1.20208274836,3.01292335246,5.80341851626
0.75,0.860596150134,0.403214938986,-0.491664713827,1.33458145724,1.30579465014,-0.855218064705,-1.24439271928,2.91736652553,5.8875590079
0.76,0.873879704935,0.416418799973,-0.499922124096,1.3219342162,1.33448081627,-0.796001663294,-1.28349187626,2.81811476673,5.94041229749
0.77,0.887034834459,0.429904555312,-0.507584747093,1.30891161971,1.36215694547,-0.736409818756,-1.31954735125,2.71554535747,5.96351255269
0.78,0.900057937329,0.443661938882,-0.514650320471,1.29554326918,1.38879172342,-0.67673141224,-1.3527257582,2.61002507171,5.95874732488
0.79,0.912945699842,0.45768038978,-0.521119375338,1.28185710455,1.4143574469,-0.617234872258,-1.3831924087,2.50190868296,5.92828016565
0.8,0.92569507942,0.47194908782,-0.526995017916,1.267879421,1.43882989708,-0.558165808927,-1.41111064059,2.39153774271,5.87447227364
0.81,0.938303288262,0.486456987721,-0.532282691516,1.25363489174,1.46218820176,-0.499745426785,-1.43664125356,2.27923960717,5.79980679766
0.82,0.950767777255,0.501192851856,-0.536989926452,1.23914659593,1.48441468922,-0.442169672974,-1.45994204508,2.16532668824,5.70681874791
0.83,0.963086220181,0.516145281506,-0.541126084976,1.22443605084,1.50549473552,-0.385609051827,-1.4811674403,2.05009590356,5.59803269559
0.84,0.975256498271,0.531302746566,-0.544702107488,1.20952324713,1.52541660729,-0.330209019062,-1.50046820913,1.93382830103,5.4759096542
0.85,0.987276685123,0.546653613652,-0.547730265357,1.19442668665,1.54417130154,-0.276090858743,-1.51799126384,1.8167888336,5.3428038025
0.86,0.999145032004,0.562186172597,-0.550223924663,1.17916342185,1.56175238396,-0.223352943012,-1.53387953064,1.6992262614,5.20092907721
0.87,1.01085995356,0.577888661331,-0.552197324217,1.16374909604,1.57815582677,-0.172072277199,-1.54827188899,1.58137315991,5.05233516059
0.88,1.02242001393,0.593749289132,-0.553665370207,1.14819798407,1.59337984716,-0.1223062398,-1.56130317233,1.46344601435,4.89889202268
0.89,1.03382391324,0.609756258274,-0.554643449013,1.13252303259,1.60742474706,-0.074094436745,-1.57310422459,1.34564538248,4.74228194518
0.9,1.04507047458,0.625897784074,-0.555147258942,1.11673589958,1.62029275481,-0.0274606008967,-1.58380200683,1.22815611003,4.58399783767
0.91,1.05615863123,0.64216211337,-0.555192661031,1.10084699246,1.63198786926,0.0175855200084,-1.59351974883,1.11114758466,4.42534663527
0.92,1.06708741443,0.658537541459,-0.554795548542,1.0848655046,1.6425157065,0.0610463318087,-1.60237714083,0.994774016482,4.26745661776
0.93,1.07785594133,0.6750124275,-0.553971734395,1.06879944964,1.65188334959,0.102934652364,-1.61049056066,0.879174734786,4.1112875899
0.94,1.08846340342,0.691575208451,-0.552736855495,1.05265569339,1.6600992012,0.143272083607,-1.61797333236,0.764474492385,3.95764299263
0.95,1.09890905519,0.708214411524,-0.551106292723,1.03643998299,1.66717283944,0.182087512216,-1.62493601212,0.650783770492,3.80718315788
0.96,1.10919220308,0.724918665239,-0.54909510525,1.02015697314,1.67311487661,0.219415746764,-1.6314866979,0.538199078438,3.66043906377
0.97,1.11931219466,0.741676709057,-0.546717977787,1.00381024904,1.67793682101,0.255296293492,-1.63773135956,0.426803243763,3.51782608403
0.98,1.12926840806,0.758477401659,-0.54398917938,0.987402345954,1.68165094149,0.289772268445,-1.64377418607,0.316665689395,3.37965734864
0.99,1.13906024157,0.775309727886,-0.540922532418,0.970934765314,1.68427013479,0.322889440464,-1.64971794703,0.207842695432,3.24615644054
1,1.14868710337,0.792162804355,-0.537531390571,0.954407987013,1.68580779539,0.354695397256,-1.65566436549,0.100377644017,3.1174692434
1.01,1.15814840132,0.809025883794,-0.533828624473,0.937821478004,1.68627768767,0.385238825333,-1.6617144994,-0.00569875350216,2.99367482941
1.02,1.16744353293,0.825888358109,-0.529826614065,0.921173697025,1.68569382032,0.414568893844,-1.66796912899,-0.110368247456,2.8747953341
1.03,1.17657187526,0.842739760201,-0.525537246596,0.904462095425,1.68407032272,0.442734732015,-1.67452914729,-0.213624858468,2.76080480987
1.04,1.18553277483,0.859569764563,-0.520971919424,0.887683114079,1.68142132315,0.469784990041,-1.68149595097,-0.315474703064,2.65163708263
1.05,1.19432553754,0.876368186664,-0.516141546796,0.870832176405,1.67776082866,0.495767473667,-1.68897182859,-0.415935835198,2.54719265883
1.06,1.20294941836,0.893124981136,-0.511056569951,0.853903677508,1.67310260645,0.520728843218,-1.69706034307,-0.515038102261,2.44734474562
1.07,1.21140361109,0.909830238793,-0.505726969931,0.836890969544,1.66746006662,0.544714368579,-1.70586670485,-0.6128230138,2.35194445535
1.08,1.21968723775,0.926474182469,-0.500162282579,0.81978634341,1.66084614617,0.567767732325,-1.71549813188,-0.709343620931,2.26082527016
1.09,1.22779933796,0.943047161716,-0.494371615285,0.802581006906,1.6532731942,0.589930873983,-1.72606419215,-0.804664404103,2.17380684274
1.1,1.23573885789,0.959539646353,-0.4883636651,0.785265059567,1.64475285809,0.61124386918,-1.73767712375,-0.898861166571,2.09069820772
1.11,1.24350463915,0.975942218878,-0.482146737901,0.767827464431,1.63529597087,0.631744838137,-1.75045212685,-0.99202093067,2.0113004744
1.12,1.25109540718,0.99224556577,-0.475728768337,0.75025601703,1.62491243948,0.651469878668,-1.76450762115,-1.08424183354,1.93540906699
1.13,1.25850975949,1.00844046767,-0.469117340328,0.732537312008,1.6136111342,0.670453019477,-1.77996546146,-1.17563301864,1.86281557307
1.14,1.26574615342,1.02451778845,-0.462319707947,0.714656707801,1.60139977911,0.688726190129,-1.79695110289,-1.26631451886,1.79330925584
1.15,1.27280289364,1.04046846325,-0.455342816525,0.69659828995,1.58828484382,0.706319204594,-1.8155937059,-1.3564171267,1.72667827999
1.16,1.27967811922,1.05628348533,-0.448193323855,0.678344833683,1.57427143657,0.723259755729,-1.83602617038,-1.44608224605,1.66271069566
1.17,1.28636979032,1.07195389198,-0.440877621411,0.659877766543,1.5593631989,0.739573418507,-1.85838508593,-1.53546172007,1.60119522049
1.18,1.29287567455,1.08747074931,-0.433401855485,0.641177131965,1.54356220217,0.755283660139,-1.88281058426,-1.62471762819,1.5419218546
1.19,1.29919333296,1.10282513602,-0.425771948208,0.622221554857,1.52686884634,0.770411855599,-1.90944607767,-1.71402204521,1.48468235963
1.2,1.30532010565,1.11800812624,-0.417993618373,0.602988210411,1.50928176127,0.784977307331,-1.93843786549,-1.80355675401,1.42927062916
1.21,1.31125309716,1.13301077125,-0.410072402061,0.583452797548,1.49079771125,0.798997268182,-1.96993458882,-1.89351290287,1.37548297444
1.22,1.3169891616,1.14782408046,-0.40201367301,0.563589518635,1.47141150321,0.81248696682,-2.00408651107,-1.98409059725,1.32311834683
1.23,1.32252488754,1.16243900131,-0.393822662725,0.543371067326,1.45111589931,0.825459635119,-2.04104460036,-2.07549841482,1.27197851552
1.24,1.32785658294,1.17684639845,-0.385504480307,0.522768626628,1.42990153491,0.837926537131,-2.08095938759,-2.16795283161,1.22186821748
1.25,1.33298026007,1.19103703201,-0.377064131982,0.501751879575,1.40775684268,0.849896999468,-2.12397957181,-2.2616775462,1.17259529446
1.26,1.33789162054,1.2050015353,-0.368506540318,0.480289035191,1.38466798399,0.86137844302,-2.17025034351,-2.35690268774,1.12397083062
1.27,1.34258604077,1.21873039169,-0.359836563122,0.458346872704,1.36061878892,0.872376416081,-2.21991139463,-2.45386389311,1.07580930344
1.28,1.34705855799,1.23221391108,-0.351059011996,0.435890807299,1.33559070613,0.882894629088,-2.27309458409,-2.55280123747,1.02792875912
1.29,1.35130385692,1.24544220581,-0.34217867054,0.412884981023,1.30956276417,0.892934991263,-2.3299212276,-2.6539580028,0.980151023693
1.3,1.35531625761,1.25840516636,-0.333200312171,0.389292382747,1.28251154607,0.902497649562,-2.39049898212,-2.75757926843,0.932301960047
1.31,1.35908970457,1.27109243674,-0.324128717549,0.36507500138,1.2544111788,0.911581030464,-2.45491829806,-2.86391030867,0.88421178106
1.32,1.36261775764,1.28349338994,-0.314968691562,0.340194016785,1.2252333399,0.920181885183,-2.52324841738,-2.97319478363,0.835715428868
1.33,1.36589358491,1.29559710353,-0.305725079845,0.314610033033,1.19494728313,0.928295339041,-2.5955329019,-3.08567271172,0.786653030188
1.34,1.3689099583,1.3073923356,-0.296402784781,0.288283358748,1.16351988566,0.935914945787,-2.67178468624,-3.20157821506,0.736870437756
1.35,1.37165925209,1.31886750125,-0.287006780929,0.261174339308,1.13091571883,0.943032747796,-2.75198066173,-3.32113703363,0.686219868163
1.36,1.37413344509,1.33001064998,-0.277542129825,0.233243745513,1.09709714499,0.949639343151,-2.83605581358,-3.44456380962,0.63456064652
1.37,1.376324127,1.34080944415,-0.268013994066,0.204453223036,1.06202444264,0.955723960727,-2.9238970326,-3.57205906252,0.581760168264
1.38,1.37822250955,1.35125113883,-0.258427650611,0.174765804861,1.02565596374,0.961274546516,-3.01535001832,-3.70379076121,0.527712129411
1.39,1.37981944309,1.36132256342,-0.248788503136,0.14414622267,0.987948627414,0.966278203315,-3.11030787951,-3.8397782287,0.472464415603
1.4,1.381105434,1.37101011138,-0.239102086544,0.112559647271,0.948860399166,0.970723834828,-3.20883640394,-3.97971221797,0.41641655553
1.41,1.38207063604,1.38029977141,-0.22937402644,0.0799694945912,0.908354383055,0.974606534426,-3.31112511048,-4.12294855301,0.360317376086
1.42,1.38270482389,1.38917719904,-0.219609955856,0.046337145061,0.866401428106,0.97793018235,-3.41730542213,-4.26866180345,0.305080038033
1.43,1.38299737894,1.39762779997,-0.209815422793,0.0116233861486,0.822981146986,0.980708135186,-3.52735398157,-4.41592988391,0.251675738819
1.44,1.38293729161,1.40563682198,-0.199995793152,-0.0242099345704,0.778082830428,0.982963697126,-3.64108315002,-4.56373459985,0.20112376986
1.45,1.38251318025,1.41318945658,-0.19015614885,-0.0611982768517,0.731706454989,0.984730610583,-3.75814454371,-4.71095336729,0.154493100102
1.46,1.38171332608,1.42027095108,-0.18030118094,-0.0993728254447,0.683863763082,0.986053559128,-3.87803570936,-4.85635319155,0.112903212925
1.47,1.38052572374,1.42686673184,-0.170435077667,-0.138758991039,0.634579391158,0.986988674842,-4.00011026284,-4.99858715594,0.0775241520456
1.48,1.37893814626,1.4329625389,-0.160561407444,-0.179375030701,0.583892019963,0.987604042169,-4.12359175001,-5.13619359423,0.0495757731062
1.49,1.37693822313,1.43854457224,-0.150682996824,-0.221230826039,0.531855519274,0.987980190304,-4.2475913574,-5.26759805456,0.0303262033269
1.5,1.37451352974,1.44359964929,-0.140801803637,-0.264326857849,0.478540058872,0.988210566235,-4.37112943589,-5.39111807475,0.0210895182661
1.51,1.37165168597,1.44811537341,-0.130918785499,-0.308653414757,0.424033157779,0.988401980669,-4.49316060448,-5.50497068067,0.0232226526792
1.52,1.36834046144,1.45208031244,-0.121033764024,-0.354190069939,0.368440645258,0.988675019289,-4.61260198206,-5.60728239285,0.0381215715317
1.53,1.36456788457,1.45548418632,-0.111145285114,-0.400905454398,0.311887509922,0.9891644121,-4.72836386367,-5.69610138617,0.0672167377547
1.54,1.36032235235,1.45831806264,-0.101250475782,-0.448757347212,0.254518617535,0.990019354044,-4.83938192841,-5.76941130207,0.111967924744
1.55,1.35559273763,1.46057455867,-0.0913448980327,-0.497693092966,0.19649928388,0.991403770595,-4.94464985584,-5.82514607023,0.173858434087
1.56,1.35036849049,1.46224804832,-0.0814224003701,-0.547650344329,0.13801569613,0.993496522726,-5.04325105401,-5.86120496881,0.254388792035
1.57,1.34463973074,1.46333487259,-0.0714749675782,-0.598558114046,0.0792751845039,0.996491546436,-5.13438808193,-5.87546705136,0.355070011582
1.58,1.33839732821,1.46383355201,-0.0614925694414,-0.650338105968,0.0205063551032,1.00059792296,-5.21738589686,-5.86579284307,0.477412676775
1.59,1.33163296862,1.4637449997,-0.051463009119,-0.702905831983,-0.0380406723575,1.00603979997,-5.29057497669,-5.82947465946,0.622717360925
1.6,1.32433921157,1.46307273856,-0.041371773442,-0.756149605502,-0.096083138086,1.01305227018,-5.34612800986,-5.76075311146,0.791082864761
1.61,1.31650997651,1.46182333693,-0.0312019637155,-0.809828392181,-0.153255734587,1.02186145727,-5.36491776301,-5.64855213866,0.980191219324
1.62,1.30814264373,1.46000762387,-0.0209345442967,-0.863447960762,-0.209054180859,1.03265609456,-5.31956309921,-5.47841598925,1.18535296242
1.63,1.29924101729,1.45764225332,-0.0105488418243,-0.916219654165,-0.262824054372,1.04556851651,-5.18100607397,-5.23608308118,1.40027065518
1.64,1.28981825065,1.45475114278,-2.3173966375e-05,-0.967068082241,-0.313775842483,1.06066150767,-4.92118699206,-4.90895644537,1.6172895701
1.65,1.27989965565,1.45136673647,0.010664388329,-1.01464339401,-0.361003183279,1.07791430792,-4.51339015773,-4.48635321632,1.82730641604
1.66,1.26952538277,1.44753107912,0.021535112192,-1.0573358854,-0.403502906809,1.09720763599,-3.9350481964,-3.96109271505,2.02000704628
1.67,1.25875293794,1.44329667833,0.0326085410488,-1.09334435793,-0.44022503758,1.11831444884,-3.17878821786,-3.33548354228,2.18534008323
1.68,1.24765849561,1.43872657837,0.0439014011688,-1.12091164975,-0.470212577655,1.14091443765,-2.26192313533,-2.62594131151,2.31546689146
1.69,1.23633470495,1.43389242678,0.0554268298018,-1.13858282064,-0.49274386381,1.16462378667,-1.2187920844,-1.85772504657,2.40512179112
1.7,1.22488683919,1.42887170109,0.0671938769022,-1.14528749144,-0.507367078586,1.18901687347,-0.0875052115308,-1.05686931409,2.45097580511
1.71,1.21342895512,1.42374508521,0.0792071672713,-1.14033292487,-0.513881250092,1.21364330277,1.09484792522,-0.247276648391,2.45150812851
1.72,1.2020801807,1.41859407609,0.0914667429577,-1.12339053294,-0.512312611554,1.23804703604,2.29257075384,0.549540106674,2.40719761892
1.73,1.19096114446,1.41349883297,0.103968107992,-1.09448150979,-0.502890447959,1.26178725515,3.47140534355,1.31444110325,2.32064453461
1.74,1.1801905505,1.40853626713,0.116702488061,-1.05396242607,-0.486023789489,1.28445992674,4.59850501948,2.03051490558,2.196582443
1.75,1.16988189594,1.40377835718,0.129657306527,-1.00251140941,-0.462280149847,1.30571890401,5.64235456322,2.68282451413,2.04177179463
1.76,1.16014032231,1.39929066413,0.142816866141,-0.941115334801,-0.432367299206,1.32529536263,6.57288828934,3.25819828461,1.86474770206
1.77,1.15105958924,1.3951310112,0.156163213779,-0.871053643618,-0.397116184155,1.34301385805,7.36469653018,3.74671750534,1.67505462141
1.78,1.14271924944,1.39134834045,0.169677143302,-0.793821404197,-0.3574329491,1.35879645506,8.00473010732,4.14565859814,1.48167634317
1.79,1.13518316116,1.38798235222,0.183339142881,-0.710959041472,-0.314203012192,1.37264738492,8.49482853141,4.46039891954,1.29184315891
1.8,1.12850006861,1.3850642802,0.197130091,-0.623924833569,-0.268224970709,1.38463331824,8.84434838065,4.69981500017,1.11118541714
1.81,1.12270466449,1.3826178528,0.211031809245,-0.534072073859,-0.220206712189,1.39487109326,9.06363874273,4.8724322846,0.944199078987
1.82,1.11781862713,1.38066014596,0.225027512866,-0.442652058715,-0.170776325017,1.40351729982,9.16272585207,4.98569804756,0.794328615292
1.83,1.11385162331,1.3792023263,0.239102155242,-0.350817556818,-0.120492751237,1.41075766557,9.15128599529,5.04603021038,0.663966934933
1.84,1.110802276,1.37825029094,0.253242666177,-0.259626338809,-0.0698557208092,1.41679663851,9.03863790413,5.05889591042,0.554493404263
1.85,1.10865909654,1.37780521189,0.267438088012,-0.170044798735,-0.019314833029,1.42184753365,8.83373208471,5.02890075129,0.466344793544
1.86,1.10740138002,1.37786399428,0.28167961685,-0.0829516971147,0.0307222942165,1.42612353438,8.54513791171,4.95988402545,0.399111420418
1.87,1.10700006259,1.37841965777,0.2959605587,0.000857959499342,0.0798828474801,1.42982976206,8.18103033795,4.85501656045,0.351650930171
1.88,1.10741853921,1.37946165123,0.310276212091,0.0806689096444,0.127822625426,1.43315655299,7.74917854506,4.71689883336,0.322212641461
1.89,1.10861344079,1.38097611028,0.324623689759,0.155841530401,0.174220824147,1.43627401489,7.25693894335,4.54765773037,0.308566117534
1.9,1.11053536982,1.38294606771,0.339001692389,0.225807688511,0.218775780033,1.43932787534,6.71125474786,4.34904087766,0.308128514162
1.91,1.11312959456,1.38535162588,0.353410247266,0.290066625358,0.2612016417,1.44243658517,6.11866401616,4.12250789016,0.318086227217
1.92,1.11633670233,1.38817010054,0.367850424092,0.348180968835,0.301225937836,1.44568959988,5.4853176054,3.86931821066,0.335507345605
1.93,1.12009321393,1.39137614464,0.382324039264,0.399772977466,0.338588005914,1.44914673208,4.81700804237,3.59061546122,0.357442353974
1.94,1.12433216188,1.39494186066,0.396833358734,0.444521129682,0.37303824706,1.45283844696,4.11920982622,3.28750840633,0.381011382832
1.95,1.12898363653,1.39883690958,0.411380808203,0.48215717399,0.40433817404,1.45676695974,3.39713120726,2.96114872937,0.403477044891
1.96,1.13397530536,1.40302862414,0.425968697929,0.512463753827,0.432261221648,1.46090798786,2.6557769996,2.61280583863,0.422302511159
1.97,1.1392329116,1.40748213401,0.44059896796,0.535272713982,0.456594290813,1.46521300996,1.90002147377,2.24393883274,0.435194964917
1.98,1.14468075964,1.41216050996,0.455272958128,0.550464183302,0.477139998302,1.46961188716,1.13468981476,1.85626555079,0.44013493028
1.99,1.15024219527,1.41702493398,0.469991205703,0.557966510277,0.493719601829,1.47401570857,0.364646002645,1.45182829641,0.435392215756
2,1.15584008984,1.42203490199,0.484753272299,0.557757103355,0.506176564231,1.47831973147,-0.405115738533,1.03305534858,0.419529356812
2.01,1.16139733734,1.42714846526,0.499557600333,0.549864195507,0.5143807088,1.48240629571,-1.16937956662,0.602816758778,0.391393503562
2.02,1.16683737375,1.43232251617,0.514401398214,0.534369512023,0.518232899406,1.48614760154,-1.92262120489,0.164472202306,0.350097700926
2.03,1.17208472758,1.43751312325,0.529280552364,0.511411771409,0.517670152846,1.48940824972,-2.65893099687,-0.278092153999,0.294992470347
2.04,1.17706560918,1.44267591923,0.544189563208,0.481190892085,0.512671056326,1.49204745095,-3.37195286832,-0.720441612685,0.225628546607
2.05,1.18170854542,1.44776654438,0.559121501383,0.443972714043,0.503261320593,1.49392082066,-4.05484570585,-1.15759027938,0.141711572469
2.06,1.18594506346,1.45274114564,0.574067979621,0.400093977968,0.489519250739,1.4948816824,-4.70027371387,-1.58402276056,0.0430495279877
2.07,1.18971042498,1.45755692939,0.589019135031,0.349967239765,0.471580865381,1.49478181122,-5.30043174921,-1.99374523717,-0.0705063101865
2.08,1.19294440826,1.46217276295,0.603963615845,0.294085342984,0.449644345995,1.4934715562,-5.84711027863,-2.38037033443,-0.199126005694
2.09,1.19559213184,1.46654981631,0.618888566155,0.233025034193,0.423973458693,1.4907992911,-6.3318023357,-2.73723883539,-0.343070171121
2.1,1.19760490894,1.47065223212,0.633779601667,0.16744929627,0.394899569287,1.48661015278,-6.74585165519,-3.05757902118,-0.502762493525
2.11,1.19894111776,1.4744478077,0.64862076921,0.098108001089,0.362821878269,1.48074404123,-7.08063717479,-3.3347012599,-0.678864010371
2.12,1.19956706896,1.47790866969,0.663394482492,0.0258365527744,0.328205544089,1.47303287257,-7.3277846411,-3.56222155553,-0.872347181263
2.13,1.19945784882,1.48101191858,0.678081426662,-0.0484476917331,0.291577447159,1.46329709761,-7.47939164561,-3.73430343203,-1.08456734722
2.14,1.19859811513,1.48374021863,0.692660424444,-0.123751280138,0.253519475449,1.45134152562,-7.52824868136,-3.84590326121,-1.31732866761
2.15,1.19698282322,1.48608230809,0.707108257174,-0.19901266536,0.214659381934,1.43695052425,-7.46803641331,-3.89300055922,-1.57294109706
2.16,1.19461786182,1.48803340627,0.721399434929,-0.273112008404,0.175659464264,1.41988270368,-7.2934788433,-3.87279250291,-1.85426443592
2.17,1.19152058305,1.48959549737,0.735505911248,-0.344882242226,0.137203531876,1.39986523554,-7.00043371682,-3.7838314636,-2.16473498387
2.18,1.18772021698,1.49077747691,0.74939673964,-0.41312068274,0.0999828349924,1.376588004,-6.58590528992,-3.62608597062,-2.50836986987
2.19,1.18325816939,1.49159515407,0.763037671328,-0.476600348025,0.0646818124637,1.34969783814,-6.04796997793,-3.40090908796,-2.88974374099
2.2,1.17818821002,1.49207111315,0.776390696403,-0.534080082299,0.0319646532333,1.31879312919,-5.38561163012,-3.11090321112,-3.31393217831
2.21,1.17257656775,1.49223444714,0.789413533912,-0.584312580627,0.0024637482413,1.28341919457,-4.59846921086,-2.75967594079,-3.78641597188
2.22,1.1665019584,1.49212038812,0.802059080294,-0.626049466516,-0.0232288655826,1.24306480975,-3.68650451562,-2.35148696151,-4.31294022071
2.23,1.16005557842,1.49176986983,0.814274830107,-0.658042670939,-0.0445659909888,1.19716039016,-2.64963743808,-1.89080821648,-4.89930466782
2.24,1.15334110498,1.4912290683,0.826002288097,-0.679042215278,-0.0610450299123,1.14507871639,-1.48908302668,-1.38264856297,-5.55024710689
2.25,1.14647473411,1.49054896923,0.837176404434,-0.687824331473,-0.0722189622483,1.08615544802,-0.214793219499,-0.835699199893,-6.26513202865
2.26,1.13958461835,1.48978468905,0.847725397058,-0.683338079668,-0.0777590139102,1.01977607582,1.14756648072,-0.264848208973,-7.03326746382
2.27,1.13280797252,1.48899378895,0.857571925951,-0.664873001858,-0.0775159264277,0.945490098743,2.56228929423,0.312707622708,-7.83505340003
2.28,1.12628715832,1.48823437053,0.866635199033,-0.632092293783,-0.071504861456,0.863075007817,3.99395033974,0.883194309756,-8.6460625997
2.29,1.12016612664,1.48756369172,0.874833426107,-0.584993995064,-0.0598520402326,0.772568846749,5.41100218159,1.43808450977,-9.43878827061
2.3,1.11458727842,1.48703732972,0.882086575968,-0.523872250151,-0.0427431712606,0.674299242405,6.78539480157,1.97359985521,-10.1830078152
2.31,1.10968868164,1.4867088283,0.888319410955,-0.449286099032,-0.0203800431283,0.568908690446,8.09170533039,2.48971596238,-10.8462719289
2.32,1.10560155644,1.48662972886,0.893464749776,-0.362038143544,0.00705114798706,0.457373803826,9.3060560823,2.98883733035,-11.3946134809
2.33,1.10244791877,1.48684985126,0.897466887032,-0.263164977386,0.0393967034787,0.341016420827,10.4048671244,3.47420069602,-11.7934497607
2.34,1.10033825689,1.48741766293,0.900285078193,-0.153940801055,0.0765351619075,0.221504808613,11.3634901844,3.94807448962,-12.0086369426
2.35,1.09936910275,1.48838055449,0.901896983204,-0.0358951736973,0.118358193271,0.100843681976,12.1547712868,4.40982999583,-12.0076219182
2.36,1.09962035341,1.48978482679,0.902301951833,0.0891546246807,0.164731761824,-0.0186476297519,12.7479872438,4.85411119446,-11.7609210532
2.37,1.10115219524,1.49167518973,0.901524030609,0.219064571179,0.21544041716,-0.134374739088,13.1133236752,5.27109299925,-11.2476195574
2.38,1.10400164484,1.49409363514,0.899614457051,0.351421098186,0.270153621809,-0.2436000209,13.2350947796,5.65035298198,-10.466715936
2.39,1.1081806172,1.49707826217,0.896652030191,0.483766466772,0.3284474768,-0.343709057808,13.1173457159,5.98292430982,-9.4412397181
2.4,1.11367697417,1.50066258467,0.892740275895,0.613768012505,0.389812108005,-0.432424815262,12.7727134609,6.2581924323,-8.20833864565
2.41,1.12045597745,1.50487450433,0.888003533886,0.73922073599,0.453611325446,-0.507875830721,12.2125082141,6.46160913999,-6.80966714866
2.42,1.12846138889,1.50973481118,0.88258275928,0.858018176787,0.519044290805,-0.568618158235,11.4457646304,6.57567251883,-5.28844873472
2.43,1.13761634099,1.51525539014,0.876631170721,0.968136028597,0.585124775822,-0.613644805415,10.4805086372,6.58162856264,-3.68827871886
2.44,1.14782410946,1.5214373067,0.870309863172,1.06762834953,0.650676862058,-0.642383732613,9.32495405221,6.46101695142,-2.05202723412
2.45,1.15896890798,1.52826892738,0.863783496069,1.15463510964,0.714345114851,-0.654685350097,7.98856929768,6.19701001832,-0.42085326419
2.46,1.17091681166,1.535724209,0.85721615617,1.22739973549,0.774617062424,-0.650800797896,6.48301604437,5.7755384878,1.16663912516
2.47,1.18351690269,1.54376126863,0.850767480111,1.28429543053,0.829855884607,-0.631352567594,4.82297935621,5.1862218262,2.67507667991
2.48,1.19660272027,1.55232132669,0.844589104818,1.32385932261,0.878341498948,-0.597299264298,3.02692050858,4.42313819595,4.07280189086
2.49,1.20999408914,1.56132809861,0.838821494825,1.3448338407,0.918318648526,-0.549896529777,1.11778609474,3.48547790074,5.33214564425
2.5,1.22349939708,1.57068769966,0.833591174223,1.3462150445,0.948051056963,-0.490656351413,-0.876302866613,2.37812343275,6.42946930201
2.51,1.23691839003,1.58028911975,0.829008367797,1.32730778337,0.965881117181,-0.421307143737,-2.92138304122,1.11218685514,7.34496381188
2.52,1.25004555275,1.590005322,0.825165031348,1.28778738368,0.970294794066,-0.343757075176,-4.97704427987,-0.294491003922,8.06220298587
2.53,1.26267413771,1.59969501563,0.822133226293,1.22776689777,0.959991297102,-0.26006308402,-6.99601531554,-1.81692440488,8.56749367831
2.54,1.2746008907,1.60920514794,0.819963769667,1.14786707737,0.933956305968,-0.17240720161,-8.92558688624,-3.42312879464,8.85062491438
2.55,1.28563147925,1.61837414175,0.818685082261,1.04925516005,0.891528721209,-0.0830505857321,-10.71523325,-5.0761674475,8.91127383238
2.56,1.29558599391,1.62703572237,0.818302757953,0.93356241237,0.832432957018,0.00581827503814,-12.3254087721,-6.73709773855,8.76536116585
2.57,1.3043027275,1.63502280089,0.818801447762,0.802746984603,0.756786766438,0.0922566375849,-13.7260448018,-8.3655683559,8.43993110765
2.58,1.3116409336,1.6421714577,0.820147890704,0.659041516334,0.6651215899,0.174616897191,-14.8900512202,-9.9188623455,7.96345744923
2.59,1.31748355783,1.64832523269,0.822293785705,0.504945960198,0.558409519529,0.251525786569,-15.7918084871,-11.3522224417,7.3621022653
2.6,1.3217398528,1.65333964809,0.825178406436,0.343205346593,0.438077141066,0.321858942497,-16.4090259916,-12.620697822,6.65953984148
2.61,1.32434766476,1.65708677551,0.828730964555,0.176765440367,0.305995563089,0.384716583399,-16.7249582856,-13.6819630628,5.87711812716
2.62,1.32527516161,1.65945955935,0.832872738104,0.00870618088024,0.16443787981,0.43940130504,-16.730445275,-14.4998100627,5.03410858365
2.63,1.32452178838,1.66037553311,0.837518990656,-0.157843465133,0.0159993618356,0.485398755072,-16.4254039708,-15.0477721568,4.14801962239
2.64,1.32211829231,1.65977954659,0.842580713205,-0.319801898536,-0.136517563327,0.522361697488,-15.8194528931,-15.3121429239,3.23494894502
2.65,1.31812575041,1.65764518184,0.847966224606,-0.474232522996,-0.290243496643,0.550097733972,-14.9314950719,-15.2936513257,2.30995110968
2.66,1.31263364185,1.65397467665,0.853582667885,-0.618431799974,-0.442390589841,0.568560719682,-13.7882857199,-15.0072947912,1.38739856488
2.67,1.30575711441,1.64879737004,0.859337439,-0.749998237395,-0.590389392467,0.57784570527,-12.422207691,-14.4802555334,0.481317200019
2.68,1.2976336771,1.6421668888,0.86513958199,-0.866875953793,-0.731995700509,0.578187063682,-10.8686143155,-13.7482866155,-0.394318845171
2.69,1.28841959533,1.63415745603,0.870901180273,-0.967370523704,-0.865355124777,0.569959328366,-9.16314148274,-12.8512861992,-1.2253438273
2.7,1.27828626662,1.62485978631,0.876538768557,-1.05013878345,-0.989021424494,0.553680187136,-7.33933980579,-11.8288759884,-1.99721392652
2.71,1.26741681966,1.61437702754,0.881974784016,-1.11415731982,-1.10193264454,0.530015049836,-5.42687562399,-10.7166724787,-2.69488171829
2.72,1.25600312023,1.60282113342,0.887139069554,-1.15867629593,-1.20335487407,0.49978255277,-3.45161002296,-9.54446928294,-3.30315723974
2.73,1.24424329374,1.59030993006,0.891970435071,-1.18318952028,-1.2928220302,0.463951905041,-1.44237737488,-8.33954135737,-3.80926819177
2.74,1.23233932982,1.57696469281,0.896418107655,-1.18752384343,-1.37014570122,0.423597188935,0.560027771462,-7.1314853749,-4.20600581359
2.75,1.22049281688,1.56290701604,0.90044237885,-1.17198896485,-1.4354517377,0.379831788769,2.50592532597,-5.948960409,-4.49036637599
2.76,1.20889955053,1.54825565806,0.90401474343,-1.13740533691,-1.4891249094,0.333789861415,4.34717423733,-4.81247730996,-4.65946042538
2.77,1.19774471014,1.53312451785,0.907118176078,-1.0850454801,-1.5317012839,0.286642580262,6.04115917225,-3.73276672537,-4.70875387142
2.78,1.18719864092,1.51762163238,0.909747595036,-1.01658215346,-1.5637802439,0.239614783987,7.54958193055,-2.71316148497,-4.63229550678
2.79,1.17741306707,1.50184891297,0.911910471758,-0.934053841493,-1.5859645136,0.193996670126,8.83677833251,-1.75233073441,-4.4232859545
2.8,1.16851756409,1.48590234211,0.913627528438,-0.839846586811,-1.59882685859,0.151149064897,9.86818715298,-0.846802277313,-4.07476560515
2.81,1.16061613533,1.4698723758,0.914933453056,-0.736690098433,-1.60290055915,0.112501358023,10.6090624806,0.00684592815148,-3.58036211228
2.82,1.15378376212,1.45384433093,0.915877555599,-0.627665337199,-1.59868994003,0.0795418226513,11.0248091482,0.810420097213,-2.935604931
2.83,1.14806282859,1.437898577,0.916524289509,-0.51619391547,-1.5866921572,0.0537892594031,11.0915878818,1.56465548779,-2.14349964963
2.84,1.14345988382,1.42211048778,0.916953340787,-0.405833579562,-1.56739683027,0.0366718296586,10.8147626232,2.27132842974,-1.22319128409
2.85,1.139946157,1.40655064039,0.917257726102,-0.299898663007,-1.54126558861,0.0293254337212,10.2289785224,2.93266306134,-0.209932739393
2.86,1.13746191056,1.39128517601,0.917539849461,-0.201254009114,-1.50874356905,0.0324731748707,9.37938235529,3.54856519215,0.854132440375
2.87,1.13592107681,1.37637576901,0.9179071896,-0.112311015901,-1.47029428476,0.0464080825287,8.31059369738,4.1161051409,1.92638057837
2.88,1.13521569024,1.36187929031,0.918468011112,-0.035042135166,-1.42642146623,0.0710007864382,7.06630104003,4.63094605092,2.96542494785
2.89,1.13522023411,1.34784733969,0.919327205328,0.0290150049,-1.37767536375,0.105716581486,5.69013810712,5.08869323494,3.93192607861
2.9,1.13579599034,1.33432578304,0.920582342741,0.0787606269764,-1.32464760153,0.14963930801,4.22623038319,5.48582239039,4.78913100338
2.91,1.13679544665,1.32135438766,0.922319991489,0.113539612564,-1.26795891594,0.201499201553,2.71941580297,5.8201736681,5.50312003442
2.92,1.13806678259,1.30896660472,0.924612326772,0.133148943036,-1.20824412817,0.259701708699,1.21516945525,6.09101888996,6.04275306215
2.93,1.13945842551,1.2971895051,0.927514025663,0.137843001669,-1.14613853814,0.322354262796,-0.240761133818,6.29873586189,6.37937642983
2.94,1.14082364262,1.28604383396,0.931059412028,0.128333720359,-1.08226941093,0.387289237295,-1.6046609917,6.44449524862,6.48880210706
2.95,1.14202509992,1.27554411688,0.935259810408,0.105749781835,-1.01724863317,0.452130304937,-2.84335829169,6.53104793655,6.36205939096
2.96,1.14293863826,1.26569886129,0.940102018127,0.0714665545257,-0.951648452198,0.514530425115,-3.94233072618,6.56371481579,6.01594471504
2.97,1.14345443101,1.25651114783,0.945550418911,0.0269031673112,-0.88597433685,0.572449199238,-4.90107686803,6.5493256044,5.48586479788
2.98,1.1434767016,1.24797937456,0.951551002112,-0.0265549828349,-0.82066194011,0.624247721072,-5.72324315293,6.49441900342,4.81160083014
2.99,1.14292333135,1.24009790903,0.958035373332,-0.0875616957474,-0.756085956782,0.668681215841,-6.41268872188,6.40474395439,4.03189079875
3,1.14172546769,1.23285765542,0.964924626429,-0.154808757272,-0.692567061022,0.704885537047,-6.97303958572,6.28551466642,3.18417135837
3.01,1.13982715621,1.22624656781,0.972133084073,-0.227022487462,-0.630375663454,0.732364643008,-7.40748264238,6.1417267011,2.30469583188
3.02,1.13718501794,1.22025014215,0.979571919289,-0.30295841012,-0.569732527,0.750979453685,-7.71860882376,5.97845359156,1.42868068523
3.03,1.133767988,1.21485191727,0.987152673147,-0.381394663937,-0.510806591622,0.760938256713,-7.90832457915,5.80109778161,0.5904591868
3.04,1.12955712466,1.21003401032,0.994790684423,-0.461124901703,-0.453710571368,0.762788637421,-7.97784335284,5.61557568273,-0.176395129476
3.05,1.12454548997,1.20577770584,1.0024084459,-0.540951530994,-0.398495077968,0.757410354123,-7.92809450131,5.42818718508,-0.840298572644
3.06,1.11873809404,1.20206410876,1.00993889151,-0.619686791729,-0.345146827667,0.745982665968,-7.76170918351,5.24431974011,-1.3785328432
3.07,1.11215175414,1.19887476929,1.01732809921,-0.696185714664,-0.293608683165,0.729839697259,-7.48549348803,5.06669693441,-1.78517654157
3.08,1.10481437975,1.1961919351,1.02453568545,-0.76939666149,-0.243812888978,0.710279135136,-7.11014492837,4.89548290971,-2.06812076116
3.09,1.09676382091,1.19399851151,1.03153368192,-0.838388613231,-0.195699024971,0.688477282036,-6.64815438843,4.72969541293,-2.24006727054
3.1,1.08804660748,1.1922779546,1.03830523109,-0.902359749259,-0.14921898072,0.665477789726,-6.11270193879,4.56798617168,-2.31443658103
3.11,1.07871662592,1.1910141319,1.04484323771,-0.960642652007,-0.104339301537,0.642188550416,-5.51738248773,4.40886381876,-2.30483031353
3.12,1.06883375444,1.19019116857,1.0511490021,-1.01270739901,-0.0610417043444,0.619381183455,-4.87599805912,4.25087791048,-2.22477383778
3.13,1.05846247794,1.18979329781,1.05723086138,-1.05816261319,-0.0193217433277,0.59769307366,-4.20236503878,4.09279905405,-2.08746962483
3.14,1.04767050218,1.1898047337,1.06310286357,-1.09675469979,0.0208142767366,0.577631790959,-3.51014949058,3.93378465875,-1.90557304328
3.15,1.03652738394,1.19020958334,1.0687834972,-1.128365603,0.0593539498472,0.559581612795,-2.81273839624,3.77352239822,-1.69100010137
3.16,1.02510319012,1.1909918127,1.07429449583,-1.15300946771,0.096284724701,0.543811788931,-2.12314982214,3.6123459102,-1.45477383682
3.17,1.01346719459,1.19213527784,1.07965973298,-1.17082859944,0.131600868051,0.530486136058,-1.45398100045,3.45131950185,-1.2069130886
3.18,1.00168661813,1.19362383006,1.08490421855,-1.18208908772,0.165311114738,0.519673527159,-0.817390339091,3.29229065712,-0.956364509736
3.19,0.989825412836,1.19544150013,1.09005320352,-1.18717640623,0.197446681194,0.511358845863,-0.225107464558,3.13791096358,-0.710976079312
3.2,0.977943090005,1.19757276368,1.09513139547,-1.18659123701,0.22806933401,0.505454005573,0.311539866701,2.99162630196,-0.477506270077
3.21,0.966093588096,1.20000288681,1.10016228363,-1.18094560889,0.257279207233,0.501808720462,0.78199424565,2.8575025282,-0.261490847414
3.22,0.954324177827,1.20271834783,1.10516756988,-1.1709513521,0.285219384574,0.500224188625,1.17886834273,2.73929867157,-0.0663051835659
3.23,0.942674561053,1.2057072745,1.11016676741,-1.15736824204,0.312065180664,0.500482616791,1.50100842703,2.63913915094,0.10788819763
3.24,0.931176812986,1.20895965144,1.11517722221,-1.14093118356,0.338002167592,0.502381952577,1.75254195961,2.55740657728,0.263344028988
3.25,0.919855937382,1.21246731786,1.12021440646,-1.12231740285,0.36321331221,0.50574949737,1.93929664514,2.49363949765,0.402916283732
3.26,0.908730464929,1.21622391769,1.12529221216,-1.10214525066,0.387874957545,0.510440278252,2.06706199001,2.44700622823,0.52920382912
3.27,0.897813032369,1.22022481701,1.13042321202,-1.08097616304,0.412153436774,0.516333573953,2.14142991818,2.41632784681,0.644443354203
3.28,0.887110941668,1.22446698642,1.13561888364,-1.05931665229,0.436201514482,0.523329145336,2.16779475579,2.40006618926,0.750486781166
3.29,0.876626699323,1.2289488473,1.14088979493,-1.03762026793,0.460154760559,0.531343309576,2.15135776915,2.39632089513,0.848790571438
3.3,0.86635853631,1.23367008163,1.14624574983,-1.01628949691,0.484127932384,0.540304956765,2.09713380079,2.40283266121,0.940413196319
3.31,0.856300909385,1.23863140594,1.15169589406,-0.995677591913,0.508211413784,0.550151573503,2.00995828676,2.41699014848,1.02601757746
3.32,0.846444984472,1.24383430991,1.1572487813,-0.976090331176,0.532467735354,0.560825308314,1.89449340712,2.43583829774,1.10587573195
3.33,0.836779102762,1.24928076065,1.16291240023,-0.957787723771,0.556928179739,0.572269088142,1.75523250609,2.45608610012,1.17987325938
3.34,0.827289229996,1.2549728735,1.16869416306,-0.940985681054,0.581589457356,0.584422773502,1.59650223825,2.47411214609,1.2475116906
3.35,0.81795938914,1.2609125498,1.1746008557,-0.925857679006,0.60641042266,0.597219321954,1.42246217042,2.48596655285,1.30790709051
3.36,0.808772076416,1.26710108196,1.1806385495,-0.912536437645,0.631308788413,0.610580915312,1.23710181084,2.48736815293,1.35978367945
3.37,0.799708660388,1.27353872557,1.18681247401,-0.901115642789,0.656157785719,0.624414995543,1.04423526003,2.4736961301,1.40146162306
3.38,0.79074976356,1.28022423767,1.19312684941,-0.891651732445,0.680782711015,0.638610147773,0.847493891542,2.43997562683,1.43083855225
3.39,0.781875625739,1.28715437979,1.19958467696,-0.884165764958,0.704957298255,0.653031766588,0.650317683249,2.38085723916,1.44536483286
3.4,0.773066448261,1.29432338363,1.20618748474,-0.87864537878,0.728399855798,0.66751744443,0.455946037378,2.29059078518,1.4420131312
3.41,0.764302718163,1.3017223769,1.21293502585,-0.875046844211,0.750769113959,0.681872029212,0.267409155517,2.1629943133,1.4172434482
3.42,0.755565511377,1.30933876591,1.21982492533,-0.87329719567,0.771659742064,0.695862313394,0.0875212764449,1.99142004404,1.36696555892
3.43,0.74683677425,1.31715557174,1.22685227212,-0.873296418682,0.79059751484,0.70921134039,-0.0811227057628,1.7687200354,1.28650182822
3.44,0.738099583003,1.32515071621,1.23400915214,-0.874919649785,0.807034142772,0.721592349958,-0.236184340461,1.48735672092,1.17062472745
3.45,0.729338381254,1.3332962546,1.24128411912,-0.878020105491,0.820344649258,0.732623834939,-0.375987454408,1.14095363531,1.01433138354
3.46,0.720539180893,1.3415576092,1.24866162884,-0.882439398873,0.829853215478,0.741878977629,-0.50027306822,0.727548308195,0.814565266626
3.47,0.711689593277,1.34989331891,1.25612169867,-0.888025566856,0.834895615422,0.748915140272,-0.610172895704,0.250579715706,0.570949530357
3.48,0.702778669556,1.3582555215,1.26363993164,-0.894642856787,0.834864809793,0.753297968236,-0.70721964404,-0.283651406789,0.284767425694
3.49,0.693796736141,1.3665906151,1.27118765804,-0.902169959736,0.829222587286,0.754610488786,-0.792648064844,-0.867967249856,-0.0418914019075
3.5,0.684735270362,1.37483997325,1.27873214142,-0.910495818084,0.817505464795,0.752460140198,-0.867260374849,-1.49454221901,-0.40617395792
3.51,0.675586819779,1.3829407244,1.28623686084,-0.919515167233,0.799331742906,0.746487009627,-0.931406887076,-2.15478625796,-0.804344339216
3.52,0.666344967017,1.39082660811,1.29366188161,-0.929123955825,0.774409739636,0.736373253414,-0.984980996007,-2.83923478899,-1.23167313303
3.53,0.657004340663,1.39842891919,1.30096432591,-0.939214787153,0.742547047126,0.721853546967,-1.02742902819,-3.53746058001,-1.6823475411
3.54,0.647560671274,1.40567754905,1.30809895255,-0.949672536389,0.703660528036,0.702726302592,-1.05777580532,-4.23802090302,-2.1494137038
3.55,0.638010889935,1.41250212975,1.31501885196,-0.96037030326,0.657786629066,0.67886527289,-1.07466606212,-4.92845384738,-2.62476352348
3.56,0.628353265209,1.41883328163,1.32167625801,-0.971165857632,0.605091451088,0.650231032122,-1.07642113293,-5.59533659481,-3.09917811227
3.57,0.618587572782,1.42460395878,1.3280234726,-0.981898725919,0.54587989717,0.616881710645,-1.06110958789,-6.22441535073,-3.56243834804
3.58,0.60871529069,1.42975087958,1.33401389222,-0.99238804939,0.480603144074,0.578982265161,-1.02662978894,-6.80081116904,-4.00350952191
3.59,0.598739811794,1.43421602166,1.33960311791,-1.0024313217,0.409863673789,0.536811520207,-0.970801676618,-7.30929819215,-4.41080152284
3.6,0.588666664256,1.43794815305,1.34475012262,-1.01180408292,0.334417180231,0.490766234705,-0.891464520964,-7.73464146866,-4.77249858908
3.61,0.578503730136,1.44090436526,1.3494184426,-1.02026061212,0.255170844416,0.441361548425,-0.786576899169,-8.06197168049,-5.07694396759
3.62,0.568261452014,1.44305156994,1.35357735359,-1.02753562091,0.173177746621,0.389227355353,-0.654314814324,-8.27716544795,-5.31305591577
3.63,0.557953017718,1.44436792019,1.35720298971,-1.0333469084,0.089627535457,0.33510043011,-0.493163644888,-8.36719419143,-5.47074375217
3.64,0.547594513846,1.44484412065,1.36027936219,-1.0373988938,0.00583386279213,0.27981248031,-0.301999494804,-8.32040337209,-5.54128759762
3.65,0.537205039842,1.44448459745,1.36279923931,-1.0393868983,-0.0767805319848,0.224274678157,-0.0801558359172,-8.12669092064,-5.51764592023
3.66,0.52680677588,1.44330851001,1.36476485576,-1.03900201052,-0.156699955621,0.169459561905,0.172456000859,-7.77810057236,-5.39497915481
3.67,0.516424999631,1.44135059834,1.36618843055,-1.03593777828,-0.232342543432,0.116375095061,0.454766422438,-7.27286964699,-5.1731761179
3.68,0.506088020314,1.43866165914,1.36709235766,-1.02990668207,-0.302157348561,0.065996039547,0.763708291249,-6.62158121057,-4.86051746879
3.69,0.49582686599,1.43530745137,1.36750835134,-1.02066361246,-0.364774167643,0.0191647456855,1.09438378228,-5.84625711538,-4.47294946414
3.7,0.485674748065,1.43136617579,1.36747565257,-1.00801900643,-0.419082490868,-0.0234629497357,1.44114953693,-4.97303151244,-4.02938670712
3.71,0.475666485861,1.42692580155,1.36703909235,-0.991840621719,-0.464234797892,-0.0614229884569,1.79833820883,-4.02766357774,-3.54866771389
3.72,0.465837935631,1.42208147983,1.3662471928,-0.97205224225,-0.499635762423,-0.0944363040135,2.16048812153,-3.03467055264,-3.04869102136
3.73,0.456225441016,1.4169330863,1.36515036627,-0.948630859288,-0.524928208945,-0.122396808884,2.52247756697,-2.01709025647,-2.54597288553
3.74,0.446865318445,1.41158291565,1.36379925663,-0.921602690911,-0.539977567552,-0.145355761724,2.87962195075,-0.996406707267,-2.05536589577
3.75,0.437793387198,1.40613353495,1.36224325103,-0.891038420273,-0.54485634309,-0.163504126799,3.227732679,0.00738826036721,-1.58993296489
3.76,0.42904455004,1.40068578879,1.36052917409,-0.857048037331,-0.539829802345,-0.177154421022,3.56313805837,0.975630846511,-1.16096060123
3.77,0.420652426451,1.3953369389,1.35870016261,-0.819775659105,-0.52534372616,-0.186723338824,3.88266772646,1.89075378959,-0.778088894018
3.78,0.412649036857,1.39017891427,1.35679470731,-0.779394682802,-0.502014726553,-0.192716198902,4.18360317283,2.73601992175,-0.449533315725
3.79,0.405064532795,1.38529664437,1.35484583863,-0.736103595649,-0.470623327725,-0.195714005139,4.46359826246,3.49525055094,-0.182372214991
3.8,0.397926964944,1.38076644771,1.35288042721,-0.690122717553,-0.432109715535,-0.196363643202,4.72063697554,4.15305431414,0.0174231937784
3.81,0.391262078444,1.37665445006,1.35091856577,-0.641690856138,-0.387562241442,-0.195365541263,4.95336745397,4.69816948942,0.14683871516
3.82,0.385093147822,1.37301520288,1.34897311639,-0.591055368473,-0.338146325746,-0.193426868899,5.1616514833,5.12864880049,0.208748624519
3.83,0.379440971075,1.36989152355,1.34705002839,-0.538457826472,-0.284989265433,-0.191190568773,5.34636198698,5.45120148516,0.211210999959
3.84,0.374323991292,1.36731541757,1.34514930501,-0.484128128734,-0.229122296043,-0.1892026489,5.5085667622,5.67547432766,0.163718720554
3.85,0.3697584085,1.36530907762,1.34326597541,-0.428286491228,-0.171479778879,-0.187916194362,5.6490843064,5.81087071996,0.0751417973923
3.86,0.365758261468,1.363885822,1.34139098112,-0.371146442606,-0.112904881644,-0.187699812952,5.76843771975,5.86626302955,-0.0464755809304
3.87,0.362335479648,1.36305097999,1.33951197915,-0.312917736833,-0.0541545182883,-0.18884570598,5.86686837254,5.85006484488,-0.193867239984
3.88,0.359499906731,1.36280273163,1.337614067,-0.253809075155,0.00409641525374,-0.191577157751,5.94435859074,5.7702962763,-0.360480774087
3.89,0.357259298145,1.3631329083,1.335680436,-0.194030565018,0.0612514072376,-0.196055321462,6.00066014911,5.63463805873,-0.540403651978
3.9,0.355619295431,1.36402775978,1.33369296057,-0.133795872173,0.116789176428,-0.202385230791,6.03532591094,5.45047336298,-0.728284139456
3.91,0.354583380702,1.36546869183,1.33163273138,-0.0733240467995,0.170260874497,-0.210621004251,6.04774233938,5.22491765709,-0.919250338573
3.92,0.354152814495,1.36743297727,1.32948054049,-0.0128410253852,0.22128752957,-0.220770237562,6.03716098011,4.96483788794,-1.10882983515
3.93,0.354326560194,1.36989444242,1.32721732663,0.0474191728028,0.269557632256,-0.232797600954,6.00272738924,4.67686280053,-1.29287188902
3.94,0.355101197951,1.37282412991,1.32482458847,0.107213522399,0.314824785581,-0.246627675343,5.94350635419,4.36738647513,-1.4674737091
3.95,0.356470830642,1.37619093813,1.32228477313,0.166289299887,0.356905361759,-0.262147075136,5.85850262763,4.04256722197,-1.62891206265
3.96,0.358426983948,1.37996223715,1.31958164697,0.224383574952,0.39567613002,-0.279205916596,5.74667675798,3.7083238915,-1.77358122536
3.97,0.360958502141,1.38410446073,1.31670065479,0.281222835046,0.431071839589,-0.297618699643,5.60695601402,3.37033136054,-1.89793820474
3.98,0.364051440649,1.38858367394,1.31362927297,0.336522695233,0.463082757231,-0.317164680691,5.43827563299,3.03394802947,-1.99853860894
3.99,0.367688956046,1.39336611587,1.31035736118,0.389988347706,0.491750800178,-0.337589471822,5.23993189133,2.70352994381,-2.07282698723
4,0.371851207603,1.39841868994,1.30687748354,0.441321333059,0.517153356107,-0.358621220435,5.01224901994,2.381161429,-2.1206731187
4.01,0.376515382707,1.403709183,1.30318493677,0.490233328105,0.539374028758,-0.380002934196,4.75669317144,2.06653263055,-2.14458408041
4.02,0.381655874166,1.40920617052,1.29927742485,0.536455196488,0.558484008718,-0.401512902044,4.47526591733,1.7582549456,-2.14819604099
4.03,0.387244486636,1.41487886317,1.29515467873,0.579738646451,0.57453912767,-0.422966855016,4.17007530657,1.45480571272,-2.13518406357
4.04,0.393250647095,1.42069695307,1.29081808775,0.619856702619,0.587580122973,-0.444216583315,3.84328395379,1.15471736278,-2.10906519205
4.05,0.399641620689,1.42663046563,1.28627034706,0.656604325527,0.597633474926,-0.465148158857,3.49712468026,0.856633383634,-2.07316098539
4.06,0.406382733605,1.43264962257,1.28151512458,0.689799196224,0.604712790645,-0.485679803023,3.13391720689,0.559362186996,-2.03056322916
4.07,0.413437604613,1.43872472144,1.276556751,0.719282669665,0.608820718666,-0.50575942344,2.75608506865,0.261928934611,-1.98410247909
4.08,0.420768386998,1.44482603694,1.27139993611,0.744920897597,0.609951369337,-0.525361852605,2.36617244941,-0.0363755327086,-1.93632033593
4.09,0.428336022565,1.45092374883,1.26604951395,0.766606118653,0.608093208012,-0.544485830159,1.96686062741,-0.3359494496,-1.88944633879
4.1,0.436100509371,1.4569879011,1.2605102195,0.784258110146,0.603232380345,-0.56315077938,1.5609836984,-0.636839345881,-1.84538033411
4.11,0.444021184768,1.46298839644,1.25478649836,0.797825792621,0.595356421094,-0.581393436841,1.15154320831,-0.938704569189,-1.80568112301
4.12,0.452057025224,1.46889502952,1.24888235077,0.807288974312,0.584458288962,-0.599264401841,0.741721282814,-1.24078805347,-1.77156210316
4.13,0.460166964254,1.47467756222,1.24280121033,0.812660218277,0.570540660025,-0.616824678904,0.334891794236,-1.5418944094,-1.74389449716
4.14,0.468310229589,1.48030584272,1.23654585719,0.813986810196,0.553620400774,-0.634142291784,-0.0653709352974,-1.84037654513,-1.72321859148
4.15,0.476446700458,1.48574997023,1.23011836449,0.811352799571,0.533733129122,-0.651289050734,-0.455286479898,-2.13413214837,-1.70976317954
4.16,0.484537285581,1.49098050531,1.22352007617,0.804881080599,0.510937757806,-0.668337555375,-0.830909372927,-2.42063302627,-1.70346070197
4.17,0.49254432207,1.49596872539,1.21675161338,0.794734612113,0.485320468597,-0.685358264773,-1.18859963151,-2.69718523078,-1.703853516
4.18,0.500431977823,1.50068691468,1.20981291088,0.781109087968,0.456994053191,-0.702414625695,-1.52597608002,-2.9614684166,-1.70990340882
4.19,0.50816650383,1.50510860645,1.20270332087,0.764215090512,0.426091100265,-0.719556332949,-1.84216309521,-3.21176091671,-1.72005279131
4.2,0.515716279633,1.50920873668,1.19542178422,0.744265826064,0.392758834856,-0.736815681521,-2.13699337107,-3.44663430573,-1.7325730207
4.21,0.523051820351,1.51296378315,1.18796700724,0.721475223091,0.35715841415,-0.754207793363,-2.41039476184,-3.66470332086,-1.74580415318
4.22,0.530145784095,1.51635190497,1.18033762835,0.696057930827,0.319464768439,-0.771731764584,-2.66230042639,-3.86461975465,-1.75821306154
4.23,0.536972978968,1.51935307852,1.17253237195,0.668229214563,0.279866019057,-0.789372054594,-2.89266018097,-4.04511506607,-1.76841513572
4.24,0.543510368386,1.52194922535,1.16455018726,0.638204727208,0.238562467118,-0.807100067299,-3.10145283689,-4.20504250594,-1.7751911817
4.25,0.549737073512,1.52412432786,1.1563903706,0.606200157826,0.195765168938,-0.824875878228,-3.28869834621,-4.34341693375,-1.77749965259
4.26,0.555634371543,1.52586452873,1.1480526697,0.572430760284,0.151694128443,-0.842650060351,-3.45446949506,-4.45945084833,-1.77448415536
4.27,0.561185688717,1.52715821043,1.13953736939,0.537110767924,0.106576151971,-0.860365561335,-3.59890285788,-4.55258515023,-1.76547629669
4.28,0.566376586901,1.52799605177,1.13084535847,0.500452703126,0.0606424254383,-0.877959586284,-3.72220871579,-4.62251327546,-1.74999405906
4.29,0.57119474278,1.52837105894,1.12197817767,0.462666593609,0.0141258864624,-0.895365442517,-3.82467965006,-4.66919758768,-1.72773602482
4.3,0.575629918774,1.5282785695,1.11293804962,0.423959110125,-0.0327415263153,-0.912514306781,-3.90669754731,-4.69287726967,-1.69857188076
4.31,0.579673924982,1.52771622841,1.10372789153,0.384532642662,-0.0797316589309,-0.929336880132,-3.96873879451,-4.69406738761,-1.66252973291
4.32,0.583320571627,1.52668393632,1.09435131202,0.344584334235,-0.126622874068,-0.945764901439,-4.01137749868,-4.67354927396,-1.61978083314
4.33,0.586565611667,1.52518377093,1.0848125935,0.304305092689,-0.17320264441,-0.961732496794,-4.0352866331,-4.63235284211,-1.57062236156
4.34,0.589406673481,1.52321988343,1.07511666208,0.263878601573,-0.21926993091,-0.97717734867,-4.04123708678,-4.57173186768,-1.51545892194
4.35,0.591843183699,1.52079837231,1.06526904653,0.223480350953,-0.264637281764,-0.992041675233,-4.03009467057,-4.49313360851,-1.45478338969
4.36,0.5938762805,1.51792713779,1.05527582858,0.183276708161,-0.30913260308,-1.00627301646,-4.00281520855,-4.39816436374,-1.389157709
4.37,0.595508717862,1.51461572025,1.0451435862,0.143424046782,-0.352600569039,-1.01982482941,-3.96043791122,-4.28855267781,-1.31919417045
4.38,0.596744761435,1.51087512641,1.03487933199,0.104067949937,-0.394903656636,-1.03265689987,-3.90407728529,-4.16611187874,-1.24553761955
4.39,0.597590076861,1.50671764712,1.0244904482,0.0653425010766,-0.435922806613,-1.0447355818,-3.83491387834,-4.03270351451,-1.16884895637
4.4,0.598051611457,1.50215667028,1.01398462035,0.0273696723699,-0.475557726926,-1.056033879,-3.75418418601,-3.89020303868,-1.08979019205
4.41,0.598137470308,1.49720649258,1.00336977062,-0.0097411826436,-0.513726867387,-1.06653138565,-3.66317006113,-3.74046882459,-1.00901123632
4.42,0.597856787804,1.49188213293,0.992653992639,-0.0458937288527,-0.550367103418,-1.07621410373,-3.56318796094,-3.58531528559,-0.927138504138
4.43,0.597219595731,1.48619915051,0.98184548855,-0.0810049418623,-0.585433173099,-1.08507415573,-3.45557834996,-3.42649057415,-0.844765353844
4.44,0.596236688967,1.48017346947,0.970952509524,-0.115005295852,-0.618896914901,-1.0931094108,-3.3416955458,-3.26565904819,-0.762444305058
4.45,0.594919489814,1.47382121221,0.959983300334,-0.147838852778,-0.650746354063,-1.10032304183,-3.22289825445,-3.10438844578,-0.680680933429
4.46,0.593279911911,1.46715854239,0.948946048688,-0.179463260941,-0.680984683817,-1.10672302947,-3.10054099536,-2.94414150905,-0.599929300849
4.47,0.591330224595,1.46020151854,0.937848839745,-0.209849672685,-0.709629184244,-1.11232162785,-2.97596656602,-2.78627164981,-0.520588753613
4.48,0.589082918458,1.4529659587,0.926699616131,-0.238982592261,-0.736710116813,-1.11713480454,-2.85049652959,-2.63201958667,-0.443001608769
4.49,0.58655057275,1.4454673162,0.915506143654,-0.266859603277,-0.762269575977,-1.12118166002,-2.7253586143,-2.48246038496,-0.367446059149
4.5,0.583745726392,1.43772056718,0.90427598293,-0.293489764547,-0.786359324512,-1.12448372573,-2.60148132104,-2.33834539333,-0.29412004117
4.51,0.580680777459,1.42974012971,0.893016469139,-0.318889229698,-0.809036483843,-1.12706406084,-2.4793720946,-2.20001871309,-0.223139110519
4.52,0.577367941798,1.42153983751,0.881734701714,-0.343077206439,-0.830359698774,-1.12894650794,-2.35927455861,-2.06756401712,-0.15456283556
4.53,0.57381923333,1.41313293573,0.87043753898,-0.36607472087,-0.850387764186,-1.13015531756,-2.24135703452,-1.94097173922,-0.0884202342643
4.54,0.570046447381,1.40453208222,0.859131595362,-0.38790434713,-0.869179133558,-1.13071491262,-2.1257627162,-1.82018808556,-0.0247186040415
4.55,0.566061146387,1.39574935306,0.847823240728,-0.408589975194,-0.886791525897,-1.13064968964,-2.01261213903,-1.70512335997,0.0365531004945
4.56,0.561874647877,1.38679625171,0.83651860157,-0.42815658991,-0.903281600758,-1.12998385061,-1.90200437324,-1.5956584399,0.0954213462677
4.57,0.557498014589,1.37768372105,0.825223563716,-0.446630062659,-0.918704694695,-1.12874126271,-1.79401833821,-1.49165058359,0.151925399672
4.58,0.552942046624,1.36842215781,0.813943776315,-0.464036956674,-0.93311461243,-1.12694534262,-1.6887141996,-1.39293857565,0.20611499008
4.59,0.548217275456,1.3590214288,0.802684656863,-0.480404346651,-0.946563466208,-1.12461896291,-1.58613481599,-1.29934723555,0.258048242198
4.6,0.543333959691,1.34949088849,0.791451397057,-0.495759652994,-0.95910155714,-1.12178437778,-1.48630720556,-1.21069132515,0.307789858633
4.61,0.538302082396,1.33983939766,0.780248969308,-0.510130490762,-0.970777292711,-1.11846316574,-1.38924400801,-1.12677889919,0.355409532993
4.62,0.533131349875,1.33007534263,0.769082133742,-0.523544533154,-0.981637135124,-1.11467618712,-1.29494492084,-1.04741414683,0.400980573406
4.63,0.527831191733,1.32020665495,0.757955445565,-0.536029389179,-0.991725575648,-1.11044355427,-1.20339809326,-0.97239977413,0.444578716687
4.64,0.522410762092,1.31024083112,0.746873262657,-0.547612495019,-1.00108513061,-1.10578461278,-1.11458146418,-0.901538976966,0.486281113916
4.65,0.516878941832,1.30018495234,0.73583975331,-0.558321018463,-1.00975635519,-1.10071793199,-1.02846403466,-0.834637052305,0.526165469069
4.66,0.511244341722,1.29004570402,0.724858904017,-0.568181775713,-1.01777787165,-1.0952613034,-0.945007067187,-0.771502692994,0.564309313539
4.67,0.505515306318,1.27982939491,0.713934527242,-0.577221159807,-1.02518640905,-1.08943174572,-0.864165207441,-0.711949008094,0.600789400562
4.68,0.499699918526,1.26954197584,0.703070269103,-0.585465079861,-1.03201685181,-1.08324551539,-0.785887525793,-0.65579430704,0.635681204804
4.69,0.493806004721,1.25918905787,0.692269616934,-0.592938910323,-1.03830229519,-1.07671812162,-0.710118477824,-0.602862682344,0.669058513754
4.7,0.48784114032,1.24877592993,0.68153590667,-0.599667449418,-1.04407410546,-1.06986434511,-0.636798784549,-0.552984421783,0.700993098737
4.71,0.481812655733,1.23830757576,0.670872330032,-0.605674886013,-1.04936198362,-1.06269825965,-0.565866234131,-0.505996277465,0.73155445469
4.72,0.4757276426,1.22778869026,0.660281941477,-0.6109847741,-1.05419403101,-1.05523325602,-0.497256407895,-0.461741615852,0.760809598918
4.73,0.469592960251,1.21722369514,0.649767664911,-0.615620014171,-1.05859681594,-1.04748206767,-0.43090333407,-0.420070469676,0.788822920179
4.74,0.463415242316,1.20661675394,0.639332300124,-0.619602840782,-1.0625954404,-1.03945679762,-0.36674007318,-0.380839509934,0.815656070457
4.75,0.457200903435,1.19597178633,0.628978528959,-0.622954815635,-1.06621360614,-1.03116894626,-0.304699239337,-0.343911953526,0.84136789268
4.76,0.450956146003,1.18529248182,0.618708921199,-0.625696825569,-1.06947367948,-1.02262943976,-0.244713461874,-0.309157419785,0.86601437849
4.77,0.444686966924,1.17458231274,0.608525940164,-0.627849084872,-1.07239675453,-1.01384865869,-0.186715791833,-0.276451747298,0.889648650941
4.78,0.438399164306,1.16384454673,0.598431948025,-0.629431141405,-1.07500271442,-1.00483646674,-0.130640057784,-0.245676780486,0.91232096766
4.79,0.432098344095,1.15308225846,0.588429210829,-0.630461886028,-1.07731029014,-0.995602239339,-0.0764211753713,-0.216720133936,0.934078740633
4.8,0.425789926585,1.14229834092,0.578519903238,-0.630959564913,-1.0793371171,-0.986154891932,-0.0239954148112,-0.18947494114,0.954966569304
4.81,0.419479152797,1.13149551611,0.56870611299,-0.630941794324,-1.08109978897,-0.976502907953,0.0266993695748,-0.16383959314,0.975026284184
4.82,0.413171090699,1.12067634515,0.558989845079,-0.630425577521,-1.08261390896,-0.966654366248,0.0757235440135,-0.139717471601,0.994296998555
4.83,0.406870641247,1.10984323793,0.549373025665,-0.629427323444,-1.0838941384,-0.956616967982,0.123135530495,-0.117016679989,1.01281516623
4.84,0.40058254423,1.09899846238,0.539857505719,-0.627962866911,-1.08495424256,-0.946398062924,0.168991669243,-0.0956497757738,1.03061464371
4.85,0.394311383909,1.08814415308,0.530445064407,-0.626047490059,-1.08580713391,-0.936004675108,0.21334610537,-0.0755335060777,1.04772675527
4.86,0.388061594429,1.0772823197,0.521137412217,-0.623695944804,-1.08646491268,-0.925443527818,0.256250696881,-0.0565885486093,1.06418035991
4.87,0.381837465012,1.06641485483,0.51193619385,-0.620922476122,-1.08693890489,-0.914721067909,0.297754941488,-0.0387392592931,1.08000191911
4.88,0.375643144906,1.0555435416,0.502842990859,-0.617740845974,-1.08723969787,-0.903843489436,0.337905919915,-0.0219134277199,1.09521556469
4.89,0.369482648093,1.04467006087,0.493859324062,-0.614164357723,-1.08737717344,-0.892816756615,0.376748253601,-0.00604204122646,1.10984316626
4.9,0.363359857752,1.03379599813,0.484986655727,-0.610205880902,-1.08736053869,-0.881646626111,0.414324074986,0.00894094183757,1.12390439766
4.91,0.357278530475,1.0229228501,0.476226391539,-0.605877876224,-1.0871983546,-0.870338668662,0.450673008714,0.0230988092568,1.13741680232
4.92,0.351242300228,1.01205203104,0.467579882354,-0.601192420728,-1.08689856251,-0.858898290065,0.485832162338,0.0364923022918,1.15039585702
4.93,0.34525468206,1.00118487885,0.459048425738,-0.596161232977,-1.08646850856,-0.847330751522,0.519836125255,0.0491798130568,1.16285503424
4.94,0.339319075568,0.990322660869,0.450633267323,-0.590795698223,-1.08591496625,-0.83564118938,0.552716974854,0.0612175719468,1.17480586289
4.95,0.333438768096,0.979466579524,0.442335601951,-0.58510689348,-1.08524415712,-0.823834634264,0.584504288948,0.0726598251251,1.18625798758
4.96,0.327616937698,0.968617777727,0.434156574638,-0.579105612444,-1.08446176975,-0.811916029628,0.615225163729,0.0835590021644,1.1972192264
4.97,0.321856655847,0.957777344129,0.426097281358,-0.572802390205,-1.08357297708,-0.799890249736,0.644904236688,0.093965874003,1.20769562757
4.98,0.316160889894,0.946946318185,0.418158769643,-0.56620752771,-1.08258245227,-0.787762117077,0.673563713997,0.103929701282,1.21769152504
4.99,0.310532505293,0.936125695083,0.410342039016,-0.559331115925,-1.08149438305,-0.775536419235,0.701223402008,0.113498373259,1.22720959334
5,0.304974267576,0.925316430524,0.402648041258,-0.55218305967,-1.0803124848,-0.76321792521,0.727900742649,0.122718537502,1.23625090195
5.01,0.299488844099,0.914519445387,0.395077680512,-0.544773101072,-1.0790400123,-0.750811401196,0.753610852579,0.131635720426,1.24481496963
5.02,0.294078805554,0.903735630278,0.387631813234,-0.537110842618,-1.07767977039,-0.738321625818,0.778366566082,0.140294438841,1.25289981894
5.03,0.288746627247,0.89296584998,0.380311247996,-0.529205769751,-1.07623412352,-0.725753404817,0.802178481713,0.14873830266,1.26050203137
5.04,0.283494690159,0.882210947808,0.373116745138,-0.521067272984,-1.07470500434,-0.71311158519,0.825055012852,0.157010108843,1.26761680358
5.05,0.278325281787,0.871471749893,0.366049016292,-0.512704669494,-1.07309392135,-0.700401068746,0.847002442396,0.165151926654,1.274238005
5.06,0.273240596769,0.860749069381,0.359108723763,-0.504127224136,-1.07140196581,-0.68762682509,0.868024981807,0.173205174312,1.28035823743
5.07,0.268242737305,0.850043710577,0.35229647979,-0.495344169857,-1.06962981786,-0.674793903997,0.888124834834,0.181210687055,1.2859688969
5.08,0.263333713372,0.839356473024,0.345612845683,-0.486364727439,-1.06777775206,-0.661907447152,0.907302266307,0.189208776598,1.29106023827
5.09,0.258515442756,0.828688155535,0.339058330847,-0.477198124531,-1.06584564233,-0.648972699232,0.92555567639,0.197239281999,1.29562144322
5.1,0.253789750882,0.818039560177,0.332633391699,-0.467853613912,-1.06383296642,-0.635995018288,0.94288168072,0.205341611919,1.29964069167
5.11,0.249158370478,0.807411496207,0.326338430481,-0.458340490917,-1.06173881009,-0.622979885398,0.959275196874,0.213554778104,1.30310523751
5.12,0.244622941063,0.796804783975,0.320173793991,-0.448668109974,-1.05956187086,-0.609932913538,0.97472953764,0.221917420102,1.30600148867
5.13,0.240185008278,0.78622025879,0.314139772211,-0.438845900164,-1.05730046169,-0.596859855625,0.989236511552,0.230467821061,1.30831509218
5.14,0.23584602306,0.775658774742,0.308236596878,-0.428883379743,-1.05495251444,-0.583766611694,1.00278653111,0.23924391445,1.31003102438
5.15,0.231607340683,0.765121208501,0.302464439977,-0.418790169542,-1.0525155834,-0.570659235137,1.01536872912,0.248283281578,1.31113368674
5.16,0.227470219669,0.754608463074,0.296823412175,-0.408576005161,-1.04998684881,-0.557543937959,1.02697108357,0.257623139764,1.31160700753
5.17,0.22343582058,0.744121471525,0.291313561218,-0.398250747871,-1.0473631206,-0.544427094987,1.03758055134,0.267300320931,1.31143454948
5.18,0.219505204712,0.733661200661,0.285934870276,-0.387824394134,-1.04464084239,-0.53131524697,1.04718321099,0.277351240452,1.31059962365
5.19,0.215679332697,0.723228654677,0.280687256278,-0.377307083651,-1.0418160958,-0.518215102514,1.05576441491,0.287811856087,1.30908540967
5.2,0.211959063039,0.712824878746,0.275570568225,-0.366709105836,-1.03888460527,-0.505133538776,1.06330895087,0.298717616779,1.30687508216
5.21,0.208345150581,0.702450962571,0.270584585503,-0.356040904633,-1.03584174346,-0.49207760087,1.069801213,0.310103401122,1.30395194344
5.22,0.204838244946,0.692108043876,0.265729016208,-0.345313081576,-1.03268253725,-0.479054499907,1.07522538204,0.32200344533,1.30029956232
5.23,0.201438888949,0.681797311827,0.261003495505,-0.334536396993,-1.02940167455,-0.466071609624,1.07956561469,0.334451260561,1.29590191856
5.24,0.198147517006,0.671520010385,0.256407584016,-0.323721769282,-1.02599351204,-0.453136461536,1.08280624159,0.347479539404,1.2907435528
5.25,0.194964453564,0.661277441586,0.251940766274,-0.312880272161,-1.02245208377,-0.440256738568,1.08493197339,0.361120051429,1.2848097213
5.26,0.191889911563,0.65107096871,0.247602449244,-0.302023129814,-1.01877111101,-0.42744026711,1.08592811423,0.375403527745,1.27808655501
5.27,0.188923990967,0.640902019366,0.243391960932,-0.291161709876,-1.01494401321,-0.414695007468,1.08578078174,0.390359534458,1.27056122206
5.28,0.186066677366,0.630772088446,0.239308549095,-0.280307514179,-1.01096392032,-0.402029042669,1.08447713239,0.4060163351,1.26222209295
5.29,0.183317840684,0.620682740959,0.235351380078,-0.269472167228,-1.00682368651,-0.389450565609,1.08200559106,0.42240074207,1.25305890727
5.3,0.180677234021,0.610635614716,0.231519537783,-0.258667402358,-1.00251590548,-0.376967864524,1.0783560833,0.439537957206,1.24306294098
5.31,0.178144492637,0.60063242285,0.227812022788,-0.247905045562,-0.998032927364,-0.364589306789,1.07352026867,0.45745140173,1.23222717287
5.32,0.17571913311,0.590674956168,0.224227751647,-0.237196996985,-0.993366877442,-0.352323321066,1.06749177342,0.476162535834,1.22054644892
5.33,0.173400552697,0.580765085301,0.220765556366,-0.226555210094,-0.988509676647,-0.340178377811,1.06026642039,0.495690668344,1.20801764294
5.34,0.171188028908,0.570904762635,0.217424184091,-0.215991668577,-0.983453064075,-0.328162968207,1.0518424542,0.516052756944,1.1946398121
5.35,0.169080719325,0.561096024019,0.214202297002,-0.20551836101,-0.978188621508,-0.316285581569,1.04222075935,0.537263199609,1.18041434562
5.36,0.167077661688,0.551340990205,0.211098472459,-0.19514725339,-0.972707800083,-0.304554681295,1.03140506896,0.559333618021,1.16534510474
5.37,0.165177774258,0.541641868018,0.208111203376,-0.184890259631,-0.967001949148,-0.292978679474,1.01940216161,0.582272633832,1.14943855256
5.38,0.163379856495,0.532000951222,0.20523889887,-0.174759210157,-0.961062347406,-0.281565910244,1.00622204392,0.606085638892,1.13270387161
5.39,0.161682590054,0.52242062107,0.202479885172,-0.164765818752,-0.95488023637,-0.270324602042,0.991878116303,0.63077456068,1.11515306759
5.4,0.16008454012,0.512903346495,0.199832406829,-0.154921647831,-0.948446856192,-0.259262848892,0.976387319484,0.656337624298,1.09680105751
5.41,0.158584157098,0.503451683946,0.197294628194,-0.145238072362,-0.941753483884,-0.248388580892,0.959770259324,0.682769112657,1.07766574048
5.42,0.157179778673,0.494068276817,0.194864635211,-0.135726242645,-0.934791473939,-0.237709534082,0.942051307706,0.710059126664,1.05776804963
5.43,0.155869632245,0.484755854467,0.192540437512,-0.126397046208,-0.927552301351,-0.227233219899,0.923258677393,0.738193347376,1.03713198363
5.44,0.154651837749,0.47551723079,0.190319970813,-0.117261069097,-0.920027606992,-0.21696689441,0.903424468893,0.767152802323,1.01578461661
5.45,0.153524410863,0.466355302327,0.188201099624,-0.10832855683,-0.912209245304,-0.206917527567,0.882584687681,0.796913638438,0.993756085237
5.46,0.152485266612,0.457273045884,0.186181620262,-0.0996093753434,-0.904089334223,-0.197091772705,0.860779230355,0.827446904167,0.971079551998
5.47,0.151532223356,0.448273515643,0.18425926417,-0.0911129722234,-0.895660307221,-0.187495936527,0.838051838718,0.858718343601,0.947791144166
5.48,0.150663007168,0.43935983974,0.182431701531,-0.0828483385691,-0.886914967351,-0.178135949822,0.814450021068,0.890688205647,0.923929867859
5.49,0.149875256585,0.430535216296,0.180696545173,-0.074823971802,-0.877846543108,-0.16901733917,0.790024940329,0.92331107142,0.899537497138
5.5,0.149166527731,0.421802908878,0.179051354748,-0.0670478397625,-0.868448745923,-0.160145199879,0.764831269145,0.956535703208,0.874658438198
5.51,0.148534299789,0.413166241377,0.177493641176,-0.0595273464191,-0.858715829044,-0.151524170406,0.738927012492,0.990304918508,0.84933956917
5.52,0.147975980803,0.404628592297,0.17602087134,-0.0522692995127,-0.848642647552,-0.143158408495,0.712373298671,1.02455549276,0.823630056304
5.53,0.147488913799,0.396193388426,0.174630473006,-0.0452798804457,-0.838224719189,-0.13505156928,0.685234140069,1.05921809444,0.79758114748
5.54,0.147070383194,0.387864097913,0.173319839954,-0.0385646167113,-0.827458285664,-0.127206785546,0.657576165519,1.09421725617,0.77124594451
5.55,0.146717621465,0.379644222713,0.172086337295,-0.0321283571353,-0.816340374065,-0.119626650389,0.629468326374,1.12947138564,0.744679155901
5.56,0.146427816051,0.371537290432,0.170927306946,-0.0259752501838,-0.804868857951,-0.112313202428,0.600981578895,1.16489281981,0.717936831926
5.57,0.146198116461,0.363546845554,0.169840073246,-0.0201087255574,-0.793042517669,-0.105267913751,0.572188545838,1.20038792602,0.691076084198
5.58,0.14602564154,0.355676440078,0.168821948671,-0.0145314792671,-0.78086109943,-0.0984916807439,0.543163160384,1.23585725302,0.664154792255
5.59,0.145907486876,0.347929623565,0.167870239632,-0.00924546234976,-0.768325372609,-0.0919848179058,0.513980295918,1.27119573511,0.637231299614
5.6,0.145840732293,0.340309932626,0.166982252313,-0.00425187334869,-0.755437184728,-0.0857470547516,0.484715385263,1.30629295177,0.610364102106
5.61,0.145822449409,0.332820879871,0.166155298536,0.000448845355505,-0.742199513573,-0.0797775358636,0.455444033072,1.34103344494,0.583611531419
5.62,0.1458497092,0.325465942355,0.165386701596,0.00485700731275,-0.728616515829,-0.0740748241233,0.426241625346,1.37529709555,0.557031436679
5.63,0.145919589555,0.318248549554,0.164673802054,0.00897367786243,-0.714693571662,-0.0686369071301,0.397182939917,1.40895956006,0.530680867149
5.64,0.146029182758,0.311172070921,0.164013963453,0.0128006661111,-0.700437324628,-0.0634612067803,0.368341761658,1.44189276737,0.504615758959
5.65,0.146175602877,0.304239803062,0.163404577918,0.0163405130956,-0.685855716315,-0.0585445919509,0.339790506251,1.47396547516,0.478890628849
5.66,0.14635599302,0.297454956595,0.162843071614,0.0195964762361,-0.670958015125,-0.0538833942033,0.311599856092,1.50504388436,0.453558277695
5.67,0.146567532402,0.290820642759,0.162326910034,0.0225725102174,-0.655754838628,-0.049473426397,0.283838411705,1.53499230915,0.428669506544
5.68,0.146807443224,0.284339859822,0.161853603086,0.0252732444702,-0.640258168942,-0.0453100040724,0.256572361806,1.56367389886,0.404272847728
5.69,0.147072997292,0.27801547938,0.161420709953,0.0277039574536,-0.62448136065,-0.0413879694424,0.229865174905,1.59095140734,0.380414313341
5.7,0.147361522373,0.271850232609,0.161025843698,0.0298705479683,-0.608439140795,-0.0377017178056,0.203777314967,1.61668800408,0.357137163243
5.71,0.147670408251,0.265846696564,0.160666675597,0.0317795037529,-0.592147600569,-0.0342452261776,0.178365983354,1.6407481204,0.334481694417
5.72,0.147997112448,0.260007280598,0.160340939174,0.0334378676354,-0.575624178387,-0.0310120839173,0.153684888881,1.66299832298,0.312485053288
5.73,0.148339165604,0.254334212997,0.160046433918,0.0348532015305,-0.558887634109,-0.0279955251118,0.129784047437,1.6833082061,0.29118107237
5.74,0.148694176479,0.248829527916,0.159781028672,0.0360335485841,-0.541958014265,-0.0251884624698,0.106709612265,1.70155129304,0.27060013222
5.75,0.149059836575,0.243495052711,0.159542664669,0.0369873937758,-0.524856608249,-0.0225835224674,0.0845037356195,1.71760593629,0.25076904938
5.76,0.149433924354,0.238332395751,0.159329358222,0.0377236232965,-0.507605895539,-0.0201730814822,0.0632044621566,1.73135620578,0.231710990918
5.77,0.149814309041,0.233342934801,0.159139203039,0.038251483019,-0.490229484133,-0.0179493026491,0.0428456540375,1.74269275373,0.21344541556
5.78,0.150198954015,0.228527806068,0.158970372169,0.0385805363773,-0.472752040465,-0.015904173171,0.023456947404,1.75151364467,0.195988041367
5.79,0.150585919769,0.223887893991,0.158821119576,0.038720621967,-0.45519921124,-0.0140295418217,0.00506373958817,1.75772513885,0.179350839625
5.8,0.150973366454,0.219423821843,0.158689781333,0.0386818111691,-0.437597537688,-0.0123171563785,-0.0123127938463,1.76124241808,0.163542054213
5.81,0.151359555992,0.215135943237,0.158574776448,0.0384743660901,-0.419974362878,-0.0107587007375,-0.028655653454,1.76199024267,0.148566245653
5.82,0.151742853776,0.211024334586,0.158474607318,0.0381086981,-0.402357732834,-0.00934583146546,-0.0439519430039,1.75990352963,0.13442435884
5.83,0.152121729954,0.207088788581,0.158387859819,0.03759532723,-0.384776292285,-0.00807021356066,-0.0581927709242,1.75492784261,0.121113813108
5.84,0.15249476032,0.20332880874,0.158313203047,0.0369448426815,-0.367259175982,-0.00692355520331,-0.0713731278597,1.74701978566,0.108628613315
5.85,0.152860626808,0.199743605061,0.158249388715,0.0361678646729,-0.349835896572,-0.00589764129436,-0.0834917421161,1.73614729396,0.0969594803462
5.86,0.153218117614,0.196332090809,0.158195250221,0.0352750078392,-0.332536230103,-0.00498436559638,-0.0945509150594,1.72228981617,0.0860939994496
5.87,0.153566126965,0.193092880459,0.158149701403,0.0342768463717,-0.315390100249,-0.00417576130537,-0.104556338404,1.70543838503,0.0760167846964
5.88,0.153903654541,0.190024288804,0.158111734995,0.0331838810711,-0.298427462402,-0.00346402990246,-0.113516895417,1.68559557427,0.066709657679
5.89,0.154229804586,0.187124331211,0.158080420805,0.0320065084633,-0.281678188763,-0.00284156815179,-0.121444448176,1.66277534167,0.0581518387448
5.9,0.15454378471,0.184390725029,0.158054903632,0.0307549921076,-0.265171955569,-0.00230099312756,-0.128353612794,1.63700276031,0.0503201488494
5.91,0.154844904428,0.1818208921,0.158034400943,0.0294394362074,-0.248938133557,-0.0018351651748,-0.134261524678,1.60831364141,0.0431892202324
5.92,0.155132573435,0.179411962357,0.158018200329,0.028069761614,-0.23300568274,-0.00143720872291,-0.139187595758,1.57675405414,0.0367317141365
5.93,0.15540629966,0.177160778445,0.158005656768,0.0266556842923,-0.217403052474,-0.00110053089207,-0.14315326544,1.54237974903,0.0309185436769
5.94,0.15566568712,0.175063901308,0.157996189711,0.0252066963052,-0.20215808776,-0.000818837849372,-0.146181747173,1.50525549348,0.0257191003449
5.95,0.155910433587,0.17311761669,0.157989280011,0.0237320493488,-0.187297942605,-0.000586148885174,-0.148297772219,1.46545432862,0.0211014823976
5.96,0.156140328107,0.171317942456,0.157984466733,0.0222407408608,-0.172849001187,-0.000396808201419,-0.149527332107,1.42305675795,0.0170327235139
5.97,0.156355248404,0.169660636666,0.157981343847,0.0207415027067,-0.158836807446,-0.000245494414895,-0.149897421382,1.37814987887,0.0134790204292
5.98,0.156555158162,0.168141206307,0.157979556845,0.0192427924332,-0.14528600361,-0.000127227792835,-0.149435781836,1.33082646886,0.0104059580896
5.99,0.156740104252,0.166754916594,0.157978799291,0.01775278707,-0.132220278069,-3.7375253104e-05,-0.148170649315,1.28118403797,0.00777873103601
6,0.156910213903,0.165496800745,0.15797880934,0.0162793794469,-0.119662322851,2.8346827885e-05,-0.146130504386,1.22932385937,0.00556235997715
6.01,0.157065691841,0.164361670137,0.157979366228,0.0148301769823,-0.107633800881,7.3871946439e-05,-0.143343827577,1.1753499896,0.0037219025117
6.02,0.157206817443,0.163344124728,0.157980286779,0.0134125028953,-0.0961553230587,0.000102784878119,-0.139838860042,1.11936828955,0.00222265702225
6.03,0.157333941899,0.162438563676,0.157981421925,0.0120333997814,-0.0852464350903,0.000118325086884,-0.135643370403,1.06148545611,0.00103035911749
6.04,0.157447485438,0.161639196026,0.15798265328,0.0106996354873,-0.0749256139365,0.000123392060469,-0.130784428199,1.00180807421,0.000111369850631
6.05,0.157547934609,0.160940051397,0.157983889767,0.00941771121744,-0.0652102736062,0.000120552483897,-0.125288184413,0.940441697621,-0.000567144797836
6.06,0.157635839663,0.160334990554,0.15798506433,0.00819387179901,-0.056116779984,0.000112049164512,-0.119179659355,0.877489965533,-0.00103704351502
6.07,0.157711812045,0.159817715797,0.15798613075,0.00703411803035,-0.0476604742955,9.98116135964e-05,-0.112482538134,0.813053760962,-0.00132904872214
6.08,0.157776522023,0.159381781068,0.157987060562,0.00594422103634,-0.0398557047648,8.54681900693e-05,-0.105218973818,0.747230415946,-0.00147259518517
6.09,0.157830696466,0.159020601702,0.157987840114,0.00492973855399,-0.0327158659766,7.0359709893e-05,-0.0974093981654,0.680112966801,-0.00149568832435
6.1,0.157875116794,0.158727463748,0.157988467756,0.00399603307303,-0.0262534454288,5.55544235823e-05,-0.0890723399339,0.611789461651,-0.00142477214533
6.11,0.157910617127,0.158495532793,0.157988951202,0.00314829175532,-0.0204800767436,4.18642669864e-05,-0.080224250456,0.542342321229,-0.00128460671038
6.12,0.157938082629,0.158317862214,0.157989305042,0.00239154806391,-0.0154065990042,2.98622893746e-05,-0.0708793362768,0.471847752689,-0.00109815485034
6.13,0.157958448088,0.158187400813,0.157989548448,0.00173070502978,-0.0110431216898,1.99011699795e-05,-0.0610493984749,0.400375215117,-0.000886477788997
6.14,0.15797269673,0.15809699978,0.157989703065,0.00117056009441,-0.00739909470188,1.21327335947e-05,-0.0507436780745,0.327986934255,-0.000668639405577
6.15,0.15798185929,0.158039418919,0.157989791103,0.00071583146829,-0.00448338300472,6.52838186799e-06,-0.0399687072405,0.254737463093,-0.000461618560577
6.16,0.157987013359,0.15800733212,0.157989833633,0.000371185949599,-0.00230434544002,2.90036238315e-06,-0.0287281655243,0.180673284245,-0.000280228885075
6.17,0.157989283009,0.15799333201,0.15798984911,0.000141268157805,-0.000869917319813,9.23804166497e-07,-0.0200655733555,0.124730767847,-0.000161217162331
6.18,0.157989838723,0.157989933773,0.157989852109,-3.01255175117e-05,0.000190269916924,-3.2398086347e-07,-0.0142131617077,0.0873066795003,-8.83398436624e-05
